,txHash,blockNumber,我方time,我方gasPrice,我方toMiner,我方gasUsed,我方折算,是否N+2,是否抢机会,对方botTime,对方gasPrice,对方toMiner,对方gasUsed,对方折算
0,0xd699df47114d8afadc478be1026ae23c304018b22f09bcd948b4dd5a4d8d1170,13005507,2021-08-12 02:29:09,58073266920,1629576521105005,1,1629634594371925.0,no,no,,,,,
1,0x8e0f95ef2fc2c0cc3a67f2e4e6c962d2a570e3ad13d287a91439f7d04f8fff89,13005558,2021-08-12 02:39:07,46225096543,563117845465709,1,563164070562252.0,no,no,,,,,
2,0x4103fcd3cae3dc4c4ef010cf70dba6a2ab9456215aea8ea4c715c1f23c043d70,13005559,2021-08-12 02:39:27,51999782907,6450031860881422,1,6450083860664329.0,no,no,,,,,
3,0xb90d3a822bfa3a5a9ad133c52493792e2f4cc21329fb4fb0769603a73723aae3,13005559,2021-08-12 02:39:28,51999782907,3874534985736844,1,3874586985519751.0,fail,no,,,,,
4,0xfdd1628ff493aa8339ef1e0731f75c1342f9404808f4bf90abd744ad82ca4b37,13005559,2021-08-12 02:39:30,51999782907,6488902625219185,1,6488954625002092.0,no,no,,,,,
5,0x4420bbf9225e63d39065cdf6bcbe01d4d3c5c9028ce3c1ac42811b7a45ddf455,13005559,2021-08-12 02:39:48,51999782907,6412819812799980,1,6412871812582887.0,no,no,,,,,
6,0xf6bf0633e420a54af655136eee8afb4892cf7ba33d207474bde34784a484dce0,13005559,2021-08-12 02:40:09,51999782907,3874534985736844,1,3874586985519751.0,no,no,,,,,
7,0x42282193fc64b47204e54d2067a16930ac16052ae980d03720a2aa2fe63a530a,13005560,2021-08-12 02:40:33,58494383372,3032814519853619,1,3032873014236991.0,no,no,,,,,
8,0xd5598a48deb799f5ab702bdcf352496e28fece32f679df9d90ab0cb22883468b,13005560,2021-08-12 02:40:33,58494383372,4852226175480275,1,4852284669863647.0,no,no,,,,,
9,0xe5a58d824f05d4ac409f9ca788ab39cd39cdf8e5f306a4e5f5bff0d92f546dd3,13005798,2021-08-12 03:33:19,69409774590,20386208450575902,199529,171581431093.9463,no,no,,,,,
10,0x3c52864eb82457364f5102a161bebdb9343c1ac6ccdc33350bb67056f160ad61,13005825,2021-08-12 03:37:11,54931271316,39586831906415046,195804,257107079299.57056,no,no,,,,,
11,0xa5c545353250089fe817197360df49098fac7d04734a0896b7522c20b227dc9f,13005853,2021-08-12 03:42:34,52647795629,12166845512551318,191302,116247995901.6125,no,no,,,,,
12,0xbd5ced49cade3b53debbb378b6891aedfd857ed10a1ceab5733751c065bdd4e1,13005857,2021-08-12 03:43:59,52192256479,6338661039805942,214815,81699791054.35992,no,no,,,,,
13,0xce32b23dbae12eda40110b746263ff1ee039ddfe1ff8103561e3a24fb140e9ee,13005907,2021-08-12 03:53:03,50318106544,16673224383196954,270693,111912696663.42293,no,no,,,,,
14,0x80c60b82a9fc417ed936bd17c8be7175c8fd8a17c296904a06718c8c4b8327ad,13005927,2021-08-12 03:56:51,47209590435,44769940036983232,214791,255644487786.30072,no,no,,,,,
15,0xb0c89c478172d6c696f4a1098955c21c1dcab8b6d32ba26be428fa9e89e89a46,13005954,2021-08-12 04:03:41,55069054386,20074452862350198,204068,153440444620.38364,no,no,,,,,
16,0xf5ccde1c0b7c787bdb4958bf212cd2fcf01485ee79709f19685e7aba7e63dc5b,13006010,2021-08-12 04:18:50,81563949156,3322246928170849,190680,98987102754.54651,no,no,,,,,
17,0x414ecd38027859b28667c26e2b0266d7931b52da544d4ce8992c004e5b6f9901,13006023,2021-08-12 04:20:15,53145110019,1772762514885565,190991,62427026522.31987,no,no,,,,,
18,0x6d29e357768b4ce62fde808bd0e538b0443a0377ddd8dd4e5b104fa97454eb18,13006027,2021-08-12 04:20:43,60822958596,4785098202305969,195293,85325107686.37173,no,no,,,,,
19,0x7120e417b982a97be9861ec835c8240e6c9ac08a1001355559d94483a37ed9e4,13006033,2021-08-12 04:22:16,62879020777,18619847247070591,191856,159930180225.07874,yes,yes,Aug-11-2021 08:22:15 PM +UTC,0.000000055471092742,0.14850574836110765,331976,5.028099014543998e-07
20,0x74af8dc9d3149b09d8b043f4117d022e7806c37fa3c12dbe1ea3166976fde7c9,13006096,2021-08-12 04:37:29,85601279775,226641101579727695,248760,996684659658.1311,no,no,,,,,
21,0xb55ff26ce24c1b313ca8f733e53b4a75b1ff6c800eb91c73789203e7f1724f94,13006096,2021-08-12 04:37:41,85601279775,225490593769431044,206720,1176403300718.455,no,no,,,,,
22,0xb824ecc44af059de1d10dad50ffc10c37301f96419d78ce0876db28ce3e6fcb8,13006123,2021-08-12 04:43:15,70787161009,2198942868254807,193075,82176221572.27751,no,no,,,,,
23,0x8598c0b4f55e7c09ff92ca3afdfa85d7be477ba9dcc1ce7152dd742c4acca1bc,13006219,2021-08-12 05:06:38,73216926372,456629755886207,192190,75592855171.0333,not exist,no,,,,,
24,0xe71e599485359631235cb088db0d33322593b3b312d309ed9b714696258e2ff2,13006219,2021-08-12 05:06:39,73216926372,1474708743485455,191973,80898781338.50809,not exist,no,,,,,
25,0x85136a72b62f29da3d0ea78a6f9eb91b593e9c9d125a628c0c30991323caaac2,13006219,2021-08-12 05:06:40,73216926372,1474708743485455,191973,80898781338.50809,fail,no,,,,,
26,0x5fbf2e52ffc0415fa7aea44cd090c358e2df4f84c78f3587fe3652f0f927b1ea,13006219,2021-08-12 05:06:57,73216926372,14582677634681784,192190,149093286404.68527,no,no,,,,,
27,0x183735f48fe9268dd83c1f7bba3cc197d2f6059ddd26870e2c68de81478ffe91,13006219,2021-08-12 05:07:00,73216926372,172839741907267,191973,74117259970.51265,no,no,,,,,
28,0x4a70c33755086c88b71b779e0c7f353161b27bdd72a120f04e14101f17977cbb,13006219,2021-08-12 05:07:04,73216926372,1063699812958869,191961,78758155126.58488,not exist,no,,,,,
29,0x8ad7105f32c8b5ebcef83007c8503d4ff07d8ccb170a5e9b530c4a62b997a7a4,13006341,2021-08-12 05:38:28,63143890574,4322791675711112,201835,84561343819.0324,no,no,,,,,
30,0xbe3351b30b0fdc27ec69c50b3516c21d714392b87bd837743738ed0ac6eaa803,13006347,2021-08-12 05:40:15,72673505571,2374818584765451,206872,84153157649.413,no,no,,,,,
31,0x15bd21c61002a3e6daf27bd5a2b004ec3e00d9962b7043465e63dade4e7a11ae,13006402,2021-08-12 05:51:41,61301642039,3774904888125669,206300,79599775282.45937,no,no,,,,,
32,0x7f76a45e51d8c232df3a2a0f08b493b4fa1b5b7f82eca2235389164b892e3fe4,13006436,2021-08-12 05:58:41,45577340482,4037198285462479,206283,65148503813.26083,no,no,,,,,
33,0x9ca4be4b877ce7087d15eee80c4da4d96dd5b773d6c5335b604ba4e85309ead7,13006450,2021-08-12 06:00:59,47261259479,17833755857204234,270464,113198892055.62474,no,no,,,,,
34,0x03a28da6adefb0e340668c2bcefa4c47669a8e88ae36e4ea0d75744251264bde,13006452,2021-08-12 06:01:22,47310076981,1518756272132874,206864,54651887407.81604,yes,no,,,,,
35,0x09c7e512e4cb2d3881ace847285276314a5b442a20f3049b94b0a7447ed1903e,13006460,2021-08-12 06:02:18,39955995916,2495394708095514,209839,51847945020.29193,no,no,,,,,
36,0xac969e7e5ac133b3db52be4bd8e9c5aaaa35e045bafd8d75a82eefe56c19b128,13006497,2021-08-12 06:11:20,52188162386,21526515095008076,212285,153592006722.66098,no,no,,,,,
37,0x789ba7c76a72d59d34ef403c9322d38ead5672cd21f935cbb9531d13258e3c70,13006497,2021-08-12 06:11:23,52188162386,2686479843674005,195007,65964487562.39883,fail,no,,,,,
38,0x2db97a978a03cce1241cc21cf9443a70ac394b287a460de5130f25aeac056f2b,13006497,2021-08-12 06:11:23,52188162386,20294530178903807,210224,148725808796.0379,not exist,no,,,,,
39,0x35fdd146ffbb992da7680c9ac93eafbd7c4072434454f20ff0d2cd24771afb6a,13006499,2021-08-12 06:11:56,63297254866,3332384278372951,194983,80387894964.74168,fail,no,,,,,
40,0xa2c8dc3a61979de649fa9b547089c41bebdf82ea00f2a37f67f2079993afc5e3,13006499,2021-08-12 06:11:58,63297254866,2929508225278967,195007,78319834697.89816,no,no,,,,,
41,0xd14f7e237e417e1fd796427af44113f3c29376c188a9a1986ac513112afbdc6e,13006499,2021-08-12 06:12:09,63297254866,2301274550689146,194778,75112113580.48082,fail,no,,,,,
42,0xac7c01b661bb3f553ff3fb3ed69738a570366fc94f8ff8399cb176280fcb7280,13006499,2021-08-12 06:12:13,63297254866,2253784732276914,194778,74868298476.04279,fail,no,,,,,
43,0xaaa2db882d10d24a86ddf11e494378f384b9c58db5a46b6c8f0f28e35978f7e9,13006530,2021-08-12 06:19:26,68081355228,21627502940338331,204080,174056967440.55554,no,no,,,,,
44,0x729108d3e5a781297b30980650854378c550c373654bf56498640a622fe52362,13006589,2021-08-12 06:34:35,73332095946,9810908031241160,210642,119908315461.77159,no,no,,,,,
45,0x5888e67f4c0c41e380620a99df2237358095b7552117b935cdf8737de90c758c,13006622,2021-08-12 06:42:47,69606745742,12123438734295653,202952,129342243467.05643,no,no,,,,,
46,0xc29222b9db4fb61b056a95f0bc794ba85969ae049eba47e3fac92392e7dd0726,13006691,2021-08-12 06:57:08,55451373791,6649641976450101,209271,87226641154.61035,no,no,,,,,
47,0x44963f829191002405296775a54ff5911ed27dfdbb0b5e2bcb5eea5355acd858,13006728,2021-08-12 07:04:39,55233309013,8381263638701049,204068,96304244381.11772,no,no,,,,,
48,0x2002852218c585b71a93895a2a14c20737fdbfa42f0bcf1af61dc5c94454dfe8,13006744,2021-08-12 07:09:37,63298149053,19199654512848693,221143,150118236113.62906,yes,yes,Aug-11-2021 11:09:36 PM +UTC,0.000000079,0,245464,7.9e-08
49,0x2954f826e131efcf4a89b4d10a20f90e034c4318bfe892568db2c86e2e5aaaa2,13006761,2021-08-12 07:14:08,69970954655,413042983893254,212953,71910551579.64183,yes,no,,,,,
50,0x461400a2a95f4c87d00d3d81e6ec9b132cfb188b9b8a4a0f8ff5d688ed003b7e,13006926,2021-08-12 07:48:55,49763196032,31477220770338533,218041,194126966012.59326,no,no,,,,,
51,0x7873c50197be40ed4f7d6b4aefd947090a3a31b212671821e5908408a20a15d3,13007040,2021-08-12 08:13:10,53688719562,374459178516875,191333,55645826692.06577,no,no,,,,,
52,0x9c13469ad86f19057244ffbcb59fee2a1c47f005329fa861bcaeac73c77f3c9f,13007079,2021-08-12 08:23:21,53582994503,6039147306676752,206896,82772284323.37715,yes,yes,Aug-12-2021 12:23:20 AM +UTC,0.000000368999851017,0,127361,3.68999851017e-07
53,0x3241ec05562c69954d6368854c00221abf279844dd9a8d33e13307e48a68b3be,13007080,2021-08-12 08:23:26,50182414058,3741930129087046,224746,66832010175.78206,no,no,,,,,
54,0x24bb2665e5e3f1db245806b9bed75618d9620631102d5529677e04c4b7d43453,13007147,2021-08-12 08:35:32,41708715874,57386873822855169,193209,338728387953.7435,yes,yes,Aug-12-2021 12:35:31 AM +UTC,0.000000371533720215,0,175570,3.71533720215e-07
55,0x8e676967890dedc06181b32ac7902df8eeb19522bca88d35a5738940a1d2e132,13007161,2021-08-12 08:38:31,43523336616,3611076083995220,221143,59852481486.03984,no,no,,,,,
56,0x835ca4444b83348cdaa7b6d06bb700f7b2e00a4c3fab8bbd62fa04cb7bf8dd16,13007166,2021-08-12 08:39:55,45545153773,1782191780468881,210418,54014922426.19926,no,no,,,,,
57,0x0e88d2142a9982d1089c0cd2c42e9ec4f0d6777711645c8e814f6396f6348ddd,13007234,2021-08-12 08:57:44,46858444019,1133019432558840,202545,52452358618.51537,no,no,,,,,
58,0x0cc61cc97328dc94411585d802938639a4c0d069c5516f3859c8cd1130c97e94,13007271,2021-08-12 09:07:04,51995547323,3548566614273350,206867,69149402767.67387,no,no,,,,,
59,0x917b8ec17822f18cc1e3916fafe4b2a8b93dabbd2ce54cc9e8d6cd72204f6055,13007332,2021-08-12 09:21:37,50643670542,82359832027207,209995,51035869556.3918,fail,no,,,,,
60,0x6ef5017a5e721febdd582d713d28221e19f84ae505a5f968033be244b9686e40,13007332,2021-08-12 09:21:38,50643670542,536228726497561,209995,53197201466.53421,fail,no,,,,,
61,0xfb059db74d3c7ebddcdcf596470ddc49722e788d4318c306732f6d659f4522d3,13007332,2021-08-12 09:21:39,50643670542,526227293973935,210224,53146844746.533905,no,no,,,,,
62,0xbccf7dfb23275414fb5d2f474c5378a3aa1baf04d857f246f3859baa0a143552,13007332,2021-08-12 09:21:42,50643670542,202503824535403,209995,51607997428.523026,fail,no,,,,,
63,0x096b7addd34bd43e38a839b45019013a4f40a59e3cf5d7b36b3730752de8a1a6,13007376,2021-08-12 09:29:08,43694453392,2095746032846880,194413,54474319104.92496,no,no,,,,,
64,0x53c2f3a8209b0e2e890a3e4fb9d6878c102cf0b7854d45b9e3c432378d21c6a5,13007397,2021-08-12 09:33:43,43044698132,1496111528117466,206919,50275119350.53221,no,no,,,,,
65,0x393acb55dac63671de3e6302b4ace576a2d67f6cb7537d40f204e2184b087727,13007397,2021-08-12 09:33:47,43044698132,1082133927927142,206690,48280238931.87973,no,no,,,,,
66,0x79061a28a51cabd2674450eb6ba22c3e213f0f1882be1f03b31e8b6f35f8bf81,13007397,2021-08-12 09:33:53,43044698132,1160480765619275,206690,48659293737.1056,no,no,,,,,
67,0x88c84230766a5218ac3687deebb6092e2c0c28880f56c0daff45ed1e66b97eb1,13007397,2021-08-12 09:33:58,43044698132,691744602335757,217106,46230904880.481186,no,no,,,,,
68,0xc0250ef605db0f651239a5bc4e10cf194e866f4a6c60326eb4545ccd3587b0a2,13007462,2021-08-12 09:50:44,51176100581,3069382526347260,194393,66965673900.755646,no,no,,,,,
69,0x3f1db72030d2005ce58d16dfef3f393a425004a722ec764634a4ca2cde71f774,13007495,2021-08-12 09:57:45,42930524615,248991812833887,211101,44110016009.3273,no,no,,,,,
70,0xa46186d2c81b5e5505fbdde6c6857b4adb1429cdca434293d65a7e9375a006a7,13007723,2021-08-12 10:46:49,53513632480,7123767620965671,203739,88478796837.17105,no,no,,,,,
71,0x51ec942d79315b46302458f334a09e5c7d51c96dd38a9bb3c33be9d3ce760065,13007723,2021-08-12 10:46:53,53513632480,6003107235387662,216433,81250194073.60016,no,no,,,,,
72,0x4e79e9c01bf069535ffa3b01373b3e70f00042473225e10261a1a82ecab4070b,13007723,2021-08-12 10:47:00,53513632480,7109134984946071,203739,88406976341.2444,fail,no,,,,,
73,0xf5ba18d82fb945f8c3b34797e198d4246318e1098dd01f62314c308c41700c3e,13007732,2021-08-12 10:49:20,46867955248,11535961331011168,203739,103489227223.47435,no,no,,,,,
74,0xd338baab37367f55ca57401d810612d39b1b03e8bce2362de30c75600e196bfe,13007732,2021-08-12 10:49:20,46867955248,11980069598524366,203968,105602999953.66151,no,no,,,,,
75,0x0eb9ec66015fd2a040aa49a6e386b4a596be7ae48509832296d8657450b356d1,13007732,2021-08-12 10:49:33,46867955248,11569308245355417,203739,103652901897.17084,yes,no,,,,,
76,0xeca75ad1f88031008017f728526c1cc7c6444750ca474526bb9211ff79b6b273,13007732,2021-08-12 10:49:34,46867955248,11562823380807677,203727,103624415514.96352,fail,no,,,,,
77,0x6e1f3a3314e3792cb97abe2bad26bd1693b2b137721d757cc3b0997eb21eaa1e,13007732,2021-08-12 10:49:35,46867955248,11585188426949928,203739,103730845646.7451,fail,no,,,,,
78,0x4773b56390f842d02b70acfeb4420c60793f37e08237b9e2f9421605001ff648,13007732,2021-08-12 10:49:43,46867955248,10254006935518674,216421,94247862629.99469,yes,no,,,,,
79,0x36d539e2eb16b74d8945f03ffd6632fa35f883a29fd2ed95070d424c5399ad03,13007732,2021-08-12 10:49:57,46867955248,10254006935518674,216421,94247862629.99469,no,no,,,,,
80,0x310c49657cf9c812a4369252dd106ceff4ff3adcaf298e97e6f9fbf71b90856d,13007732,2021-08-12 10:50:02,46867955248,11568264040259807,203739,103647776687.48781,fail,no,,,,,
81,0x8a0ac69e65a6c06da77a6334aef95f09820360a7132aa4fd6970e59cbaa2a0ba,13007732,2021-08-12 10:50:02,46867955248,11560592121999551,203739,103610121067.993,yes,no,,,,,
82,0x9944521968bf56c0109f13907c635bae7ab7fb453e0aaf8a006c85530bc93106,13007732,2021-08-12 10:50:08,46867955248,11573496622578284,203739,103673459459.65454,no,no,,,,,
83,0xa3d2d108b795f876ac2067d1d884e4e72ffc4ab32fd4c2d36136404b24b1d6e9,13007747,2021-08-12 10:52:03,44530329863,10978053347379758,200662,99239509216.23956,no,no,,,,,
84,0x536ac3e0c86612c9134bafe6bd162c030915befbcf1480ecabaa066b41e88a7a,13007748,2021-08-12 10:52:10,42972482659,11239313176178556,200650,98987001354.13359,no,no,,,,,
85,0x525bee74ecc941330c52601021f5bc57f8b8c982dd6926dcb480e8cb1908820f,13007750,2021-08-12 10:53:29,54381683545,24812393447366077,200662,178034360421.3696,no,no,,,,,
86,0x966b9369fac68864a004b2890bc37cebb28451e7bb599f90a2f1727aed9e2c16,13007753,2021-08-12 10:54:08,52773513841,4027321804757007,202952,72617229619.88864,no,no,,,,,
87,0xf8edd92e8663bf56f0704651787e23f6d1e2e3a9571d52aca92c2376f693ec85,13007762,2021-08-12 10:57:13,57083473808,13220014200579451,190837,126357326365.83444,yes,yes,Aug-12-2021 02:57:12 AM +UTC,0.000000048721191415,0.017299245611671162,176204,1.4689856316405885e-07
88,0xfff92aedc49425cf8e87953175cdaac58f8fa18594550562e5f93d6ec547fb05,13007774,2021-08-12 10:59:34,49622921943,23896708585033461,190837,174843443042.33325,no,no,,,,,
89,0xad10be9dc22dfb4109c4c4cca86e8ee613682926a1bc567683807d3e3d769980,13007779,2021-08-12 11:00:38,49129342755,8595504721805367,214084,89279492797.99886,no,no,,,,,
90,0xc33d70dab24427edd104eace7c41d2364f36a18353b59be0ef05268e96fa6ba0,13007779,2021-08-12 11:00:38,49129342755,1590672195314905,190837,57464582752.038864,no,no,,,,,
91,0x33e1b7816abb1896a66d43bb0fd1f8a2d6493a171da10b639c9bde21cd161b63,13007787,2021-08-12 11:02:09,48644473107,209589326616695,221143,49592227847.67321,no,no,,,,,
92,0x3d8bdc13ad992dc7f381155924fec8f9d685e55aa516c9d10a98213a0a238ccb,13007787,2021-08-12 11:02:26,48644473107,12805761532303644,214096,108457648188.75606,no,no,,,,,
93,0x3c65c7984b24593a658f76d4ac31a9029ae1c855b2b05da784bea368c75d22a2,13007797,2021-08-12 11:04:07,47837682010,969422556365413,200662,52668803778.77242,no,no,,,,,
94,0x3ff4b9f5502d2faf35d589c54d9cff394ba14354038adb4a3045604a20cb9e82,13007901,2021-08-12 11:26:16,39493558087,18047792244421926,200662,129434813752.85565,no,no,,,,,
