,transaction_hash,bundle_index,tx_index,eoa_address,to_address,gas_used,gas_price,coinbase_transfer,miner_reward,block_num_id,finish_time,timestamp
0,0x69c63387db9b42cf5aa300b7036a91d02b3a008a44a3359f64a6e5f432ba7c34,0,0,0x139e3338C204609E6dCFfAB0eE53a553E63C49f0,0x7d9d3659dcfbea08a87777c52020BC672deece13,113287,10345489987153,0,1172009524174601911,13398245,2021-10-12 00:00:19,1633968019
2,0xa2a0fcd3178777f56d878d9afa721efb469e6b638dd8fec5d6703e5adb83c7a0,1,0,0x75F785804Ecf71450D9E7C34aF71C3364A7fe6c9,0x7d9d3659dcfbea08a87777c52020BC672deece13,113327,10345489987153,0,1172423343774088031,13398245,2021-10-12 00:00:19,1633968019
1,0x85e4c96d8a8651571025e1469d0aaa101e5b5173d33b6ae78ea7eaaed920a017,2,0,0x3F4ADba7BFA1806Cf3d0c067a20a9144205c4734,0x7d9d3659dcfbea08a87777c52020BC672deece13,113327,10345489987153,0,1172423343774088031,13398245,2021-10-12 00:00:19,1633968019
0,0x735dd2831e161d7d962eb39458004d26174ac616e9fbd760fc4379ffdfbafff6,0,0,0xEA674fdDe714fd979de3EdF0F56AA9716B898ec8,0x4212bb5b9c5e4a45D8265CAf1325e1b5a73Fbf99,21000,0,0,0,13398252,2021-10-12 00:01:42,1633968102
1,0x7801dcb0703948a228a8aa7d0abb3ea9c97101f0451af11727c55b08fc4af885,0,1,0x4A3848c35Ec8E653fA4E9E2924d5275eBE2391D7,0xC1E088fC1323b20BCBee9bd1B9fC9546db5624C5,222353,70456290626,0,15666167589562978,13398252,2021-10-12 00:01:42,1633968102
2,0x80b567d7413ea993e7ac807423a96cd0477729e23f8b10329d8afaa32884e31d,1,0,0xA2dE91F18C39C0d796082D0de2Ae460731fA4f14,0x881D40237659C251811CEC9c364ef91dC08D300C,177304,36427601930,0,6458759532596720,13398252,2021-10-12 00:01:42,1633968102
4,0xe05329698211746a2bf8c08a7a790c164d67726fc9d6dc9a1b77638a67d66eca,0,1,0xAE7861C80D03826837A50b45aecF11eC677f6586,0xCbBB4F60d5874837841a705cE9631851B5e0bc03,32588,106434672866,3468493119360000,3468493119360000,13398254,2021-10-12 00:02:10,1633968130
6,0xe6e791e425269ef7b25073fe9970b28e29ed150454c3afdb011b78b0bf5a3538,0,0,0xAE7861C80D03826837A50b45aecF11eC677f6586,0x7a250d5630B4cF539739dF2C5dAcb4c659F2488D,117486,0,0,0,13398254,2021-10-12 00:02:10,1633968130
0,0x324379362a8947fb593d494524734327c123e649eae0013687b6b44948e66d9f,1,1,0xe4b35743c2C15760d7551AfC9c304Ec0Dc30BA50,0x0000000000d41C96294CCdaC8612Bdfe29C641aF,188244,22107236878,0,4161554698862232,13398254,2021-10-12 00:02:10,1633968130
3,0x98fa5b209b637026fb6cd7ae10e2d936fe6df35d9690178eeb911f7637c1dcff,1,0,0x1D1A6cF27F64A83426Da39E011369e2365b741Ee,0x03f7724180AA6b939894B5Ca4314783B0b36b329,120432,1500000000,0,180648000000000,13398254,2021-10-12 00:02:10,1633968130
1,0x6b4592e07398503451752b1cf77683b7a162c04d654e5040ff3968d4e093b15f,2,1,0x85CAb75ba0493f2e8d4A5082c9e8e5ea8B82f982,0x7a250d5630B4cF539739dF2C5dAcb4c659F2488D,250542,1500000000,0,375813000000000,13398254,2021-10-12 00:02:10,1633968130
2,0x84f848d32b640e5a805c512ebc2d88cedfc150210787c3ecd209ef9503e19966,2,2,0x38563699560e4512c7574C8cC5Cf89fd43923BcA,0x000000000035B5e5ad9019092C665357240f594e,77712,66037824683,0,5131931431765296,13398254,2021-10-12 00:02:10,1633968130
5,0xe395741470d40c5e326b052db781fce2f398c7c04852c1d0852177a7e9657310,2,0,0x38563699560e4512c7574C8cC5Cf89fd43923BcA,0x000000000035B5e5ad9019092C665357240f594e,87703,0,0,0,13398254,2021-10-12 00:02:10,1633968130
1,0x5306ec2170efa091b4d98af968b453fcd2aa610c3b22be3306f5455431f58788,0,0,0xCbAFDAE054f24e2e6c4A3dc70E85dB8b13b56ab4,0x478b33d7F923EecB39A712e038cf2f40293B96AE,379661,502525585566,0,190789366341573126,13398255,2021-10-12 00:02:32,1633968152
0,0x462a3a97c532eeadd58f8f922380552606566eb2a110876c56a893b50478cfbd,1,0,0xf816131f9C053FA7C576eB8833a20fAEcF1b3335,0xCD9e13b2F3BFC26cd99989fB849a2751932595C4,133679,441810238603,58927071886335056,59060750886335056,13398255,2021-10-12 00:02:32,1633968152
2,0x671a386ee01333b3c378b584ad8d473161ebd0b959e9758182b744c9ebd3414c,2,0,0x52B86A86e4D764E8275391c436127e60340A0e6a,0x00000000003b3cc22aF3aE1EAc0440BcEe416B40,151036,0,0,0,13398255,2021-10-12 00:02:32,1633968152
3,0x744dfdb4315172bd07e775ef303bf4e7bc51549871fc8562fde291ca3c873043,2,1,0x896BD1C988839A41dbD7D1B57F2C2ff01f4C0FB4,0xE592427A0AEce92De3Edee1F18E0157C05861564,154270,1525585566,0,235352085266820,13398255,2021-10-12 00:02:32,1633968152
4,0xa795b7ea1959e035f1361d7b909a443a7830d8e3aeb1fa89d45757fd3e06df89,2,2,0x52B86A86e4D764E8275391c436127e60340A0e6a,0x00000000003b3cc22aF3aE1EAc0440BcEe416B40,163082,176291255858,0,28749930587834356,13398255,2021-10-12 00:02:32,1633968152
7,0xbe3cff4703b9b4d12c83c313e3a58c8213d0ded846b8a280951e09c6e8844b0f,0,0,0x281C662752D5ac41cf1c74fb92595794805Ad674,0xCD9e13b2F3BFC26cd99989fB849a2751932595C4,164645,3124739123110,514308027924449536,514472672924449536,13398256,2021-10-12 00:02:48,1633968168
5,0x8cab0da406481b7b311730dd6b34be9c2b87aeccfc5e48f539b70a49a9ad5e06,1,0,0xD68fe83d3834bF35c6e1AA8A9d81c56249a61881,0xa57Bd00134B2850B2a1c55860c9e9ea100fDd6CF,207895,483606703980,100539415724111113,100539415724111113,13398256,2021-10-12 00:02:48,1633968168
6,0xbd4dd3304640e67959c3bd1824850dc3e6bd4e50c1ce8b1396f6014d0bffdd71,2,0,0x305bF59bbD7a89cA9CE4d460B0EFb54266d9E6C3,0x4d246bE90C2f36730bb853aD41d0a189061192d3,207515,280982550812,51442461651166824,58308094031873539,13398256,2021-10-12 00:02:48,1633968168
0,0x2d82bb642211377536c63a0ac6b7aec26906dc013002a828affe44e483a4bce8,3,0,0xd6f660Aea79dABd5220332a73D4effaeB70B3547,0xa405e822d1C3A8568c6B82Eb6e570FcA0136F802,93744,0,0,0,13398256,2021-10-12 00:02:48,1633968168
1,0x46d9e53aa1e804500b0c21f1e8af46b05626915ee4e1bd144f486eb5b4b6b1e0,3,2,0xd6f660Aea79dABd5220332a73D4effaeB70B3547,0xa405e822d1C3A8568c6B82Eb6e570FcA0136F802,83524,897571006787,0,74968720770877388,13398256,2021-10-12 00:02:48,1633968168
2,0x7632eb35d37d00e94f7c723c5ac3d03de3413430bed6968746a84cf818b5f81c,3,1,0xf04dE0999c16D51f8C79bDC9DD6a25eB90a94A8F,0x7a250d5630B4cF539739dF2C5dAcb4c659F2488D,99203,1500000000,0,148804500000000,13398256,2021-10-12 00:02:48,1633968168
4,0x7d57357f5426b5d27814f6d1424a0a1fb38c4f7fb60d18feea1591e3cef776dd,4,0,0x795c4A14851fBb2CDf4aF32c7429202741767e1b,0x6EB9A633A8d2caC1af65764fF23EeDa8a2799c67,103273,154667116660,0,15972937138828180,13398256,2021-10-12 00:02:48,1633968168
8,0xdca61aa425377f6cbb7acba1cc8a0ac7c86da5ad6b2b805e8b967755e39993eb,5,0,0xfFfff73B511802Ad4e51807Dc516c191f23E9A6f,0xEdE2faFBa9e23418485f49f052D0e1d332853E0F,955113,122242082956,116755002578822096,116755002578822096,13398256,2021-10-12 00:02:48,1633968168
3,0x7aa4e03642e4be4cccf378d2a9725a0ac659aa9437b1659cbe27facac420a9a0,6,0,0xE03EEBAF8F5B1A723cEC689323C303Ad9918061D,0xa57Bd00134B2850B2a1c55860c9e9ea100fDd6CF,130237,79556384317,10361184824394476,10361184824394476,13398256,2021-10-12 00:02:48,1633968168
