,block_num,fb_min,nfb_max,exist_high_priority,high_priority_account
0,13398245.0,10345489987153.0,7622489987153.0,0.0,
1,13398252.0,36427601930.0,7405254171809.0,1.0,"['0x735dd2831e161d7d962eb39458004d26174ac616e9fbd760fc4379ffdfbafff6', '0x7801dcb0703948a228a8aa7d0abb3ea9c97101f0451af11727c55b08fc4af885', '0x80b567d7413ea993e7ac807423a96cd0477729e23f8b10329d8afaa32884e31d']"
2,13398254.0,13241138944.086279,1748818355082.0,1.0,"['0xe6e791e425269ef7b25073fe9970b28e29ed150454c3afdb011b78b0bf5a3538', '0xe05329698211746a2bf8c08a7a790c164d67726fc9d6dc9a1b77638a67d66eca', '0x98fa5b209b637026fb6cd7ae10e2d936fe6df35d9690178eeb911f7637c1dcff', '0x324379362a8947fb593d494524734327c123e649eae0013687b6b44948e66d9f', '0xe395741470d40c5e326b052db781fce2f398c7c04852c1d0852177a7e9657310', '0x6b4592e07398503451752b1cf77683b7a162c04d654e5040ff3968d4e093b15f', '0x84f848d32b640e5a805c512ebc2d88cedfc150210787c3ecd209ef9503e19966']"
3,13398255.0,61883059927.028824,364017590706.0,1.0,"['0x671a386ee01333b3c378b584ad8d473161ebd0b959e9758182b744c9ebd3414c', '0x744dfdb4315172bd07e775ef303bf4e7bc51549871fc8562fde291ca3c873043', '0xa795b7ea1959e035f1361d7b909a443a7830d8e3aeb1fa89d45757fd3e06df89']"
4,13398256.0,79556384317.0,1728084993281.0,1.0,"['0x8cab0da406481b7b311730dd6b34be9c2b87aeccfc5e48f539b70a49a9ad5e06', '0xbd4dd3304640e67959c3bd1824850dc3e6bd4e50c1ce8b1396f6014d0bffdd71', '0x2d82bb642211377536c63a0ac6b7aec26906dc013002a828affe44e483a4bce8', '0x7632eb35d37d00e94f7c723c5ac3d03de3413430bed6968746a84cf818b5f81c', '0x46d9e53aa1e804500b0c21f1e8af46b05626915ee4e1bd144f486eb5b4b6b1e0', '0x7d57357f5426b5d27814f6d1424a0a1fb38c4f7fb60d18feea1591e3cef776dd', '0xdca61aa425377f6cbb7acba1cc8a0ac7c86da5ad6b2b805e8b967755e39993eb', '0x7aa4e03642e4be4cccf378d2a9725a0ac659aa9437b1659cbe27facac420a9a0']"
5,13398257.0,861129813910.6525,800000000000.0,0.0,
6,13398260.0,824490134900.0,225810975123.0,0.0,
7,13398262.0,302.0,3156382049364.0,1.0,"['0xed9d327c363bac9aa1b4ef92dc6caac595245b6ec294a641f694c195423f2995', '0x0f6d5f701ee9c26917204ab00ab08dc3f3f945e3edb7ba684391117871cecb99', '0xfaa2cc9291ab8250d745c88c63f06dcadc2a31bfeb853ca536f4c38d5ebe4dfa', '0xe49cbc316985440ee249bfdde053cbd5a2ee9b9dbc1b339965f43da59e811d54', '0xa24c19d10721e6230ede828e9a3ee03685f830f9e5ecb811c11d942b9e0cdce7', '0xffb7533a6f3a9e2bd269b06f1cca919076c7a449f1353c2db666c4e7d2c72175']"
8,13398263.0,44644197182.0,127146900264.0,1.0,"['0xe353d2255ad965fab3b67ab06618fa7b6cfcd1323a3c14da9929cedd785dc3dd', '0x0a4cc62b3821c60e92e04e30afb1bdf6c5b4faaa6e0d1ef5e404af094d16c824', '0x391b5177b0ceb362baf01f3a440de9133e4faa9fa965ce5c78181730d7fd5ae8']"
9,13398265.0,1529294838.6863308,152000000000.0,1.0,"['0x89a7ec7c8a9299955a87cf8245fd65b172777a92b8c32d87978c1d4d4eae3667', '0x1504d42e87ce21c0797cd826fe2ed370c1c848c461866fccfe27d06f8ede793e', '0x608a804659ebd994fea13bc43b6a4e79108c0703b1fead78836469c7090a8c95', '0xfa35f55bdbf0e0014e21e1427769252e322e8b46234a6f1369cd2ab6997c06b9']"
10,13398266.0,27354234308.0,202535642443.0,1.0,['0x934d9a1ff784e8bfa1f78d426911c6cbccd95b2af78025bd3f85af309c45de09']
11,13398267.0,17473367810.220818,222513334024.0,1.0,"['0xb4de418ed43ebbcc3e9e09d6e8ac23fae5471444422f64b434a10d1f9b36b3e8', '0xc65dca83310475c3d0937337ca1e79904c99685129cb0a6b395a68259f2f8737', '0xc9d4fdf108509bc88c50f95ee733e8b67f2b1868d55a3ce6b406a8f79760c410', '0xff7b7fe199d1ab971c7c63d224cb70db89def41f16c15eb8d0b87b0e0a01c227', '0x2525e0520f0e139a63af9f57615d1058a2c0867acc6b3e99edea939bd62caaae', '0x81bac42c9e135f1f8d3c9e3fb4c3861d5340ee878e50a9800e33b134d6581ec2', '0x5091f60d2cfec492dd0ec7d9772effb930f28fdb72eab19534297ea8626e6d76']"
12,13398268.0,51727502600.0,92727502600.0,1.0,['0x8f4fe03da7b72cdaa95268319c46d9d349ea380215cb7be3a560dc97ffe21114']
13,13398271.0,134505537906.0,925650228888.0,1.0,"['0xea7f98b57d9f64230f09ecd9047c295574a70b9fa0fb14056cecd0e216fb124e', '0x98a092246f9b33f342bac8e69303d86791878a9567686ab35d64000fe3b6fabc', '0x4cf9d3a73aa6804fc7c57e50948e8133faa6d76ae905a1220d4a67c630b98046', '0xcd7bf6d7df77b632626286a1fd01717c7d93ac72fb8e886918755a047212c3fd', '0xb3655cf2eced4970cc042104cada6ad81dc93eb44cae4e521ee975cd440f7816']"
14,13398272.0,164829621387.20514,159444913478.0,0.0,
15,13398278.0,21764192089.0,116036540205.0,1.0,['0x8b66e41ae6b03cdf38af576c39e26323b4d1a5a38e5e22508e3ddc8ba7cf1dea']
16,13398280.0,5000000000.0,160174168409.0,1.0,"['0x6341cdace7e949ed86dea0b0a7b8639a2524570d3b6591f39ed50686fa30b30f', '0x8ff9de58d0382f69a13b4fe944432e0cfd9780001033508683f8b32b4db28d1e']"
17,13398282.0,13258850113.0,334866874699.0,1.0,['0x0561e8a19eb4454bf0c69902c1e0341d05c06beb1e0f8b2e23731942e290d1e2']
18,13398283.0,0.0,54203525471.0,1.0,['0x8ac4d97b4ce4d0a1d4a9f4bc2e243b8b2f7c7932a61aba584ecc689cdbd4afa5']
19,13398287.0,54460860516.24071,206050775461.0,1.0,"['0x4e4a722ae7ed7813ab482747e46a79c2795ee430c57d82e5ba5a0726340066a3', '0x3b2793e00a8045e9dc3b66428a783ddd1520de26c2e50fb71af59ad792677595', '0xebac3749255c7a21c79e700efba1f79714afc1ce1ddbd298b58e5f819c8e57a7']"
20,13398290.0,0.0,161364948948.0,1.0,"['0x7d4dad8f40abefaa8ee3ec8f805147df2364e8f057f056d8e9a7dbba08f5d452', '0xe9c979159978dfbac6c5fbf626e37d4e4705e16a175e9f8d6729f1fbc1b64179', '0x7690eaecad0fd197f8685ca7fbc0d385c449b3e1a04545a4685d26373c5a87bd', '0x8ff9281dcad89520ab6ca3d04d46c6e00f296a0970933e757b8c098b46209c8f', '0xb9998add1e4b47a6dacfe19a870aa86f62a3445b7b70457d48af47f0863d586c', '0x652affdd1c624d62f3862702f35e56721ef70019e52ada4cd0a14b44822d19f3', '0x0f9d30fc4f470fbf894637386e96afca334e4e8a2bdc714848945bab6bec9d89', '0x7a96fdd65abaf338b26ea014810fecd6e28c5d577093da6f696380bd9f474e1f', '0xc808f737ea67fbd8651598c1dd3e800c9a9a29948a5569924157132467fc1b5d', '0xbb4b7c9810b2ab5ff53ec66ed2596adf4bf5f8550c43b5bbc84258481473f57b', '0xa3b1f15c421097c0cf1d91780ed64f7e1762e472bb7d7ffda04116f8ebcb0ed6']"
21,13398291.0,54459314935.0,188814556834.0,1.0,['0xa9cd032e587af0e98e7f14e9ae499b492905c37d892ebbb1d059106032c9ef20']
22,13398294.0,99992353601.0,184816939216.0,1.0,['0xef569aed6d5533afa0725730f384205bd2c957935670384accca2141d853b5e8']
23,13398298.0,152753756856.11636,233447773784.0,1.0,"['0x341921cdc43eed13c6ceea218c5410b98ca57a03dddb8750a1b8f095a9f2d979', '0xb25690cc005cd54d61177e7cde04c5b4e663ccd804e1b886168719fbea477317', '0x86c69186b6c01a0e3937de1c2ae162b5db5e2afc2133c0ac9f5565ce75f777d7']"
24,13398302.0,33292863839.0,162370599675.0,1.0,['0x71fd74f866a04dec30596bb02e5043b4c7b0f33dfa2c84e63ba6b6c60cc0a065']
25,13398303.0,5310426038.0,191531048014.0,1.0,"['0x77cb3822de29098792092a470e65ce836df6394507fce3006c0fa1920ad38b85', '0x7e51974304f0ab8ca39a232cce8bd5e31e928068f69e2a29b62bb3fa6a094f46', '0x1abc5a2fd3d902c59a0d30a5eca42a48b14238ca44eb0c09f64c6d31ed5db139', '0x0e64379f5d27ff5b076fd008c896e4ce8f8ea34e66b577ecdc175fc899b09701']"
26,13398305.0,2037537792547.0,571399150132.0,0.0,
27,13398307.0,1623284718.9458756,209191336715.0,1.0,"['0xfb070a99eed2e52921fd0b010e8ed27e56acc4e15c86bb6bfa4026bc6372a209', '0x13f61d6b451eed2f3a8929f65f67c021e80a182cfdd46850c1fe4b4037f0d799']"
28,13398309.0,170675579225.22266,227872097804.0,1.0,"['0xb7575f8fcf9cdf4a3c42ffaedf0081e4496d08bb6d44d990136cf8ae5c7f27ee', '0xde34185cf0d657c0e21c0baae4b5c0d0c0069049f4665df77a1c6d23969c4efd', '0xad364046ed84a710f5420bd05ef064af885bb453b2f28386b3ae67157daa033f', '0xc640957bf5b38b0fd5eaa1a3543ac3d55561a038acfe1f8abfba4edfa6d5830f', '0xfcfa92040e9d43c3143ef57cd3fa1d2aceb0313c30ddc6a8338a19a983b22b2d']"
29,13398310.0,1427043874.1755536,114082668870.0,1.0,"['0x1617c6f78c99937c8567656bd76d99d5a3baf1e1d1b2c69f282dc01db127d6dc', '0x3e68ba6a163fe8c7052af74dd0ab1078b88a8e88bd40a8f39b715ed7722d8c1c', '0xde28160282eae0b4a502e1e925c8d1ea4995499577d43991408133dac83cc0c1', '0x978813d5bd73f1d16ced7736ae12ffdd4b67bbf29d285535fcb1bcc4cdbd94cf', '0x954b6b300fa51b95247b17fcf4f59cf45ffb257632745aa9720dbf43a8605643', '0xc4587df9d9a224381dc7ef873bbe7b932b43fd2a6e8ef2626eddc43df6115224', '0xf9737d3c6d2e0ac35b1307253b42e2b0803cbf5ac6a733f40251da0b8e93145b', '0xa843b0d0dcbe280e7dc2d1c30acad9abb7aa0662479c9ec73d7529d5bcc4259a', '0xd9d4b4b3c749df13b17f925eb5e760c6f7a5320623035c6c7b37c61223c7a60d', '0xa7569c4bcf509526595b47a1c866aa98f253f54f94612a210e0cfb329c3eaf1c', '0x9795df7b408cef65a2479340e8f87e5e6f570c8ea98f18f5130c7c36b1d0fca7', '0xb9751098e5fb1a3c01c698bc0151e6529aea736a23b2416bfdcbe24969892845', '0xa6cad0ca0cee321c57df9204904ef4cc89f3d511f17425d56eb0572e820f3e18', '0xa6bdfadcab9d97cadb2992ff29f69699fb67122fef14ecfc51282c82f25b42f5', '0x00d06b63b4914886215bbb78f7451925dddf569d8a97d59b4bdb39532dd84724', '0x05612b1b2e176f50fdd96440e52e95e07a7593f4cdbec15db166e96911f626ce', '0x6cccb427c223870fab7205acd7cd7adb4ed1225e892647461ccbd891c82ebca5', '0x0e700170c1e658fb73bdb12e209291a9d62139c3ba1c7b986b854302f5430a04', '0x1b434d8403d25d8d56385b36bfc1efbccf1a1ba0728164cfb4ef923be37298a0', '0x0b140c3e5a4ed800d7b42bd9a6fd109e74bd6dc4a839f12ddd2e13a515915357', '0xfc2cbed35036b175040c79bde0ec993eb3469d64be4b42ab9b3a08deab59503b', '0xcc29d74521e360b5aa09c55f94b08c95016e9d57e1815b479b9bada7f2162fe9', '0xc811f87cb7112f510498e26bf0c1e3b2068f5a5538b2b62661f9eae1a3c20174', '0x3e0a60a2c01c5a57e27e61b50bf8a8bc59ebd9693be96f67337a631f6f4f3ba6', '0x19c7b292ddea9c59f84d357258717f7b2d841b232c6263da000459df94b58b79', '0x5445da45c2e2720001d05721de60004c433f8fffb348108ccfd9331361171c02', '0xe3a862ad3005c25c7d6664ad880ddcb2d39918504b55ac301d5e4d0c17227465', '0x9908cc033abd1e2a0f1be48b6412881cb89ee12e13444a9e14e3baea9541d4d3', '0xbb9eccbaa00543a08568da126127390b53faa3d410ae0c109dc231b00ec0765f', '0x7dd1d07ad84bc0e6a83f42c7fa2f2a2827d22fd1539b46b03472c94b76f6a04a', '0x156b373ece59242258d3a74d9e11cad7a9b4267e96bcecfbd258bf0abbeb16cb', '0xb79d85f2a6096e6ee511dfa9f99993f73818831e7778908160e322a1c8a9a29d', '0x4939e5a7e8695636522b27d20eeb238e82451fb7f71f74081f17dd6a1e41c132', '0x07fd0a8d214a16e080d5b97351da5f0909f187a2fed919e4b0272fdc9c5ec148', '0x047ca2f9f7e5dc7576049171bbae7fa7705898ebde045f14b3290efa6079f480', '0xb6e563fabfb95df5abd15beef3da8ebac58ca671d2aa72fcbe3ab53b09dd0d43', '0x33a2bb052c7eb8d8fbd0223ec65974b6999b5586083b1b76106025cf92e4a4cf', '0x746c7155064706ae7733a87b720953e00cac75bf17d6a6dfcb6d5f614aa4b881', '0x6eeca19cb8f21455c35507f4538773b27d35186048ef92e146c2da2c4ae95605', '0xd29b6c101969b4429032a1b2c95a394357581ea3c290520253a64a2a7e78c8b2', '0x646478a56d241dff716e5f2a02fd7312d4cb31e7e3a97691746397fdd3002ebb', '0xdafe6c72a6e019bfd93ed063b4f9f47951aff7e69f00e042c8668f2061298653', '0xd888d1b4e490d6b0a4af1a2fc533a8cfef09f9c754802a97c69dc3a0115fdae3', '0x1c50f5f4132226a06118aee02ac5e1382770ef4bae3c210a0a6ea69dc90563f2', '0xe7e9a45389addab1793652aca2027ba18476f1bd00046f53d0604c35c8fd415f', '0xaa0211554199d669d5bfa255fd6e72bee68bb72384d18100076c63a4b63d92cd', '0x686561a28f35a9d357e90096b9413b5be4650258033a0589e87f8548e5cfff97', '0x326cba6ab1ca1b2c4070cd3a755c014b25b6fe5d8290bf300dbe987a599e1780', '0xe1fa429d87d995cc762895110c98fd337c28c7c9ff1a3868dff2be08b74fbb8b', '0x71be0e07f24d7f6a7c13bcba265fae352f7924c45b60625039f891f3cfb33f10', '0xe6e84533c0ffccd4c45dad34f9e9d67dc4667ea6e01a3ccc69f06c395043e747', '0xbdd04cf614b6d2ed43b84ed0a51a963869347b035e2f865aaa5eb3366a926e83', '0xbf2ad61a98edcddeb62757ee78b5ee4449c3337565c820bc491c0d7f83acccc3', '0x71487804db644ac2ef60c5444f2cedec77e085b349b89c0d01f042df1dec2c64', '0xdc064b16cd124ba56de969e22af8a0f6d86ba8d8c50b807418519d19c9e915d9', '0x2d637e4cea6c8cba99143d14ddb84a741e44d67f26f8da165e8285ac970a63ed', '0x1be251067abed457c253b286d6ac0878ca7f0a593e36c8956452ec7f4f615a78', '0xe62f427d73d9d3a902f52299c180bb09ddcfde458c51fc009446c6c1c60dc2b9', '0xc34a00964ea483901f13b000a9ac667b163bd5b4d7043fc8b52e9bc38d22be46', '0xf5e84ab18ff35f57db46cfa65b762de462636c31f3843adbd359741ad95741ea', '0xbb0664d0ae06e27b33bdf0eb34ac67c4a3601de4fdf2a4fc9a15365ddf4f15b6', '0xe0866ce9148d35f303a977a1de4f7f78a83210b4a746fa4705ccfead42cf8051', '0xa81c02964b531ca995dc4bdd22fbee1d16735137e62e98f037b35f0578790181', '0x0b9b27f705a633b077ce95c2eb8a5df25591ac7b89f7f28cc5d82eee5004cc99', '0xdfd6ad03dba640a9f43cb4b97ee79ccdba1ad54e1221eda94f5bb517785ecd43', '0x2272999972cbfae2888d1aadbc2654670ee57bd893c82f8278e9a668164e2eb9', '0x36791e240de7cc671c932c8f4a15e509e6e2d730ed677130c35971779e6cf858', '0x871617d7632de1fa326a46bcf97b04807ccecdae2dfe7db03ab1818615939ae3', '0x8bc7170d50d98e81d676b4299f17e2854a7836ac3bc6bc805ec42ef579830576', '0x842eb3a1cc4a86bc8fcc4de976934c7077941e786797486e034733d581ae537b', '0x8816e763a6688b4e77543d2f4805f95f8dfbed9664a01cf69d6fc243f58f3f27', '0x756cbf8e0c7d532192d19d907df5d17ac179bf18813113765f1a9b85581d913c', '0xff2cd0897af04d02fbddc7a0ea9f6a5dcae52db4ffd53efbf4eb280109dad60c', '0x04c95de6074eb7d3e2c08d9c3ef3d6200bc786b3634ea16a55bc45fb1fba734a', '0x744b5dd45b5cf4acdffdc30138e5ddc59c6df706657dc725f9c6fc8b016932fe', '0x7db81f35fd5b4ec7d5ca8f6867ced8aa680d501aeceb34815d6e21af46cdc7aa', '0x9d24427626a79831283407b174cc1136fbe818ade991670360abec8d59899472', '0x67661a78247350b996e75a87119f565d8fc0d0d9ef33d726844174ffa603f24a', '0xc907074d5f2ed8360b118defc5d7de4d65b0257073e3b023f304441e061bf1ca', '0x997d9898b8cfcdb02cd216237395d8fd19685f10c7da0a05eb257c45f73ae823', '0x60ef5445b373e808f19cb75d9849f17a5be0d305ba9a68b1c71efea68e1225fe', '0x388096e5e39fdbd28569e36f7801d8d249b489963e2f7d0862f73adbe6993831', '0x717f3bd51a43a7c0af5a18dfa28e8029fa94818c6ee24d583c9262f30975e8f6', '0xd9a4d769ecb144b72ec1594be8db30732d86e5ccfdb5834a2dcd589c7ddd2e5d', '0x913c691f85189654ef9be4dc0d02565cfa0000c5bcd4f078268cd15dd3cde8c0', '0x0e22976119143c9bc2131b2359d93886be70fc0545efbd0e6aa44e28b9ed0df5', '0x653cc33c918b869b504cb63beabb96c66ce0871e5616e5bde85c6210244b4464', '0xed6bc2f2848976b7f7efb3e8f75d9dc5639a76115608865f85ac0b18483efa8e', '0x8d11a62858554faa10899eb18964ad2f181af9ba2c3c23c908e8a29644baf14c', '0xeae864b407131705d1895d03a913f6cb39b1c44200bc03378421cf474f38f90c', '0x3728e0ac7d633a60f465d33c127c41b8d2a3145187eccb702ae00fccef8aa485', '0x654cd1b7be3ba6cb36654c461745e9731de976a14bf67d8d099e66aba86d583c', '0x732e86bab607323e04e27d814517ddb1e77f9e2b546aa6c1d6c82fa35cd8b260', '0xdecb16d28cf2cd2621c6469df150a4dd1f73cca54890fa654489cbbc730a905d', '0x06f40c301c2ddbfd297c2e0278b2c1253d4ff81c37a32b9d00bcb01b04d61b28', '0x0e498b6b1fc190ec87e6dba24bda2c42c70dd53673e2389ff9529e4f986a75b1', '0x312dcf48ca7ac30970ed863fc25fb142ecfc49ebc5f3bfe7d4c3086da8bc3414', '0xfccce556806214b7ff8d6725004857496d8bc187322cf25e71b6e1baf53b4cf8', '0xcf976b48bccad5a97b5b1978e7b5c180e7df2577c21e6507adac9e23c100c85d', '0xe31caddff6d1cf739b6064dc9d213ca7eb957035e11036297b005b345bee0d33', '0x2a07801de3a56111981905aaa97995dca2d5848680d295599f80e1906318c01e', '0x4f32920456cb9287f8290adccfb6457ee1beb247a4aa5df39169cc113e633124', '0x4e9736822e31eb3054c74b9a1e5763bceac72a1a6ee3ec5973aa86cba69a0345', '0xf9cb0c15c6ffa2c6cc7ee91dd3a0f43c1ad9aa5e931fcd9fa02301529669d260', '0x872618411a4aef3bbf867c3191ff2387f6bbecdebd50bf049aeecb453858e8ae', '0x154d7960850435801313080c33c54f409c792519f20fd867bf59b4aa97a8bc99', '0x065e80451911e78335169326edc7612196b909dcb440e877026c2b1262e9fb46', '0x253f9c6e6e299b8e8e59d618b1da6f5a0acaad69880272aea8d5741ea9f03ce5', '0xe2d516693797317e3bd9b11e409f48d2703087b4715d2d0a6efd8906579214de', '0x1cdf8f9299101214778201399763319dbe4b951046aaef0484397a8197c33a23', '0xd4ed6ad0a7c52d6dacc0cee44a3e27aa44120170be7a5adafaa5648196233573', '0x87db57c19e04af1a526c9ecee9ccb21b985b9ab4defb641bd7982d33b2336bf4', '0x33df0e150525721c197727f78f552f916d48cb2027e90f16e9975f0aa9701e77', '0x59453c236684fce85db1e0f6a7062d0a680eff97ece15d4c2b929d8799664c5b', '0x4cc9d054b3bbecb8fedc5fb476918b1e21e23c0617eef6d2e076c2b67f0fc9a9', '0x8798b25bc5ae34961100ddfc41ac288af8b56cba0c3960c1c04970cb3edc8e4c', '0x7c3eb44f0f08f3323b4b02e4ada95c573aa2edfc87940b230c0b0c2cc6803f66', '0x5b4a6c9b7c2e64041a0436dac0117a74233dc82bce1645c521543a06a2dd1e9c', '0x087ad7652c2ecc25f192a9992115c075c88031a34e9ec7070784e272253f98cf', '0x045a8c275c24c271a24c0ae8ae56f016564b42e8cdf9f1fcee4499662383dc46', '0x0d03f6d0388f1d8fba6855a371cc85727392f0c363073b0b6a2d8778356a6035', '0xa0a4c64f277726fd645163ab7eeaa76e99c5f99f4df3d4c346dc71a1d66876e7', '0x21a082f80d8fa8b930edae9d5073fe1664a17277259eea9973525fbbc108114e', '0xe1cf41f7e92c3a15d3a4debaeeb4065628bb82366df438222827edcb77fe6b6e', '0xf44985964a31faa09b1c14df6a4870beaf97efae50780e2f4a35bc5486f2bfc0', '0x297f281b95a72ff9fa2d97364bdabef659c9436b3152bfaa352a13d233cfe898', '0xcb98670d1a28d7a6bc36d0d7835a8d5463b8caf0e9db01bf21bbef1c741ebfe3', '0x933c9974ad35a2c6644ca660e7803f1f9fc6e41d4a76842b8a30c5b4d14740e6', '0xcbb40c61c457e865d3295d72cd0643c0993805ebfc08ee87a6eb77dafe5ba5df', '0x0c64373c2dfcb23b4d514cbc83f63f54c9d459bc8528b47b957b1be28e2333d8', '0xf95d41ef3b7bf5d8e7d688117538ae37134ebd2f7fd8fbb495e8d08f07bd40a6', '0xd8d9a0fd63cebe36f42a329945bd485e2e81f4bbff2b64456b50091bcad33b4e', '0x9b32de8ce366aa918f9e80bdfd64e1a7949ba2b389b066d35e7d5349fa067fc8', '0x51ea466748e4460d28a24494faf7572665b3bce996bfaeb4f4c026726b8b40b5', '0x0f6a3656066015b61a15a804fcae1a8448a04787ed0f13eb1d10525a07ca0c7a', '0x7e05322321ef669876ec7f110db947f6beb557c7e51d2dbfa91dd7b3b697ebff', '0x8f23291ae5b8a1dbc372dd4aa424518a38b88cdf931559fd66399ccae54f977d', '0xeac247f845fea344f2da94d1adad5ca86cdf7ad736fab0fc816239c6275142a7', '0xa19fd1daea9d0c5f13f3f7b72f3bf7dc16871ffe240e6ec1a68357644ddcadc4', '0xcb27e94810a5730d120bf53c5cb30101ebcf8a80b4a4502bc2add75d55c662a5', '0x9cf3762ea87b286e20f7b9d00ae8e3f7e1627c54a552ab59cdda74a5e7508c50', '0x3856e18970d3751e355f527142da8c4f796f26a1f693c3228c84497c3e7df58a', '0x424007fed562e3af02bd81116e75ff6b6b989ad7d50c1f51fee2d22e7971b111', '0x76e35e001bb8a1afff644e358b7562a34dcd57bc1de800b15f04b4dfb0f6349f', '0x7680fca5802c76ad96f1d3ff9d0f9d62958e7632d1fcd43f1cd84143e54820cc', '0xbb200f070c19754d05c4ff800570a9b780ca9b597114ea4372aca532135c4d54', '0x34ac6f91cb419e8fb7a707bfaaee6d206ceba1e8cfa9b794c893592f8b0ef6ea', '0x2f9b9d932d683355f11607d24e46bb1f00fa46dbca5d2235ccb5a0d4b0907ee7', '0x7cd054fea1b56fe4b0eca340fe833be1b3d8279a0dba9d08b395675ed07c5f29', '0x2291aa8de629a2cd4fe02fe206a48f2f3f4b103467bcab35f5f0e063a9cf5158']"
30,13398311.0,37314484995.71008,194653370955.0,1.0,"['0x5bb3ee64575ac751355929aa1690e5c4b5a500f392ec7581e082cadc3f42e95b', '0x4b7d6290d3802b09288c513e22a509ad4328fcb7dcd9049832fb0f464f52eb4f']"
31,13398316.0,40262607586.0,81768571994.0,1.0,['0x277ce5bc1775c91b2574ebda34ba8880096edb1948531836a5691848013a5154']
32,13398317.0,61968633387.0,129400662643.0,1.0,['0x2aa865be3b1476fc193a8f3ff832805fd05d09de13e102516a043df76b5435da']
33,13398318.0,50923932355.0,205274851085.0,1.0,['0xf9cd23cc2ccfd1db4bba9c08da6d4c00d0d1e38870cbb9eff116874b7ae84ec9']
34,13398319.0,77702457992.0,205914625315.0,1.0,['0xeee35a1efdaeaa8c0498635a015844515962d04678e60cec3e9247674823a8db']
35,13398320.0,127790335967.0,206276286188.0,1.0,['0x900ce42ce50eba7352ce973e944e7fd8284062087d902b5c7a6b59e93c868be0']
36,13398321.0,83221215196.0,207358876626.0,1.0,['0xc0d83ff28c3cd9da5231eeb77251506aa4cbf0b6a362c7858bfa23c49eef01b3']
37,13398322.0,36915933894.0,203911837664.0,1.0,['0xbba461be9165fbc23ddae5a30ed1478de1ba633a8318d7c4629e3b7fe2ffbe5e']
38,13398323.0,36238617702.998535,213048773370.0,1.0,"['0x3a070d38a115c2aa5b36341a848c2618c5ef6cac27d50085502fdc86fed5ddde', '0x0ba568bebccb68c24706cabe1c4b151671c1e61038b2c8dd1a9233613cd59d75', '0x422aa0017361f5e8c7542ac56a018d57281b61560c7201a69573517974642b33', '0x5ec8e07c5fd46063bb842fcad3dabb189034f2b62733b4b6aabf50e8adb1c59e']"
39,13398325.0,14219435583.54354,224660835049.0,1.0,"['0x254d35daef7e6956808313526fe5de6a8a9812cb3f69eba9db7ecee750a5b138', '0xaf32b19b2454a0c9fe5c07a3406b3cc1efe68086cfe07fb83f1631c8a4f259d8', '0x4ab1b06471561a4477c336559347abf66122a7c60f3a55fa8ecaf3fe58d0fe54', '0x23b89f7ebae9fb4e544bca082f8373addada35d1da2083735967179bbc53ef6b', '0xb6d23f00791360a0283d3ed04c3530dc843eb0eb4700c1e6fe0858f7c1959930', '0xb8124f96ab5480eb9402ea596691ab950d6b7c60794413d5210a03ad30083ee8', '0xb41a1c668f5a4505ac0f3df30e68908b541914badff0e2be12f45b77274dc45f']"
40,13398326.0,1221012677.0864372,208622516927.0,1.0,"['0x71fbd53eafa6a18ac4ae95d683cc25b7d212a84b7275172c860ca5a389574138', '0xc103de84425d2280eea3619cc2b59bb9678187c44d901798c6958280cb697193', '0x5aa0a653c19f98a0c8ced1ed54e8b1b43397726fb44ed402805ed2c28c752714']"
41,13398328.0,6000000000.0,144669439574.0,1.0,"['0xb50005452e9c892f90af4a218a07e03b1cc944392de2d8d4a97c97d0c4d94ff8', '0x87986fd3a33e928b04fa9c85482721f0207a5c0a5044c94425bd2f9da9e0f329']"
42,13398329.0,46337981869.958534,209417664290.0,1.0,"['0x73db49a562c1164d54a132ba9878879d4676b18d7e9e07ede6d4081920f542be', '0x7cffb6991aaba987490743a842597694c5a9a541e43a66fdb5666dfd3debfe28', '0x1c3550a1e431fffa9ab4318c6d5a7727b9ca8f5aec078fbf45fa369ca75945ab']"
43,13398330.0,22910516912.0,370496447543.0,1.0,"['0x628cc3deac5e51a4360fe0bff2c99888f9d55a3de41af48bb610b53ba0ac7b7d', '0xa05bbbbe48734209c4c8cbb15fd0a14afafdb11174c0a8276d60e5cd8ca86da2', '0xb63612e5597250c5711525eea4f6eed8da2a159e74992a925f15c3eb4ac476ea', '0x15e35ca3ee3c618fafcbcea01f0e245385fd67d1e54ce45e35ec3d789ed024f1', '0x34dff59be655c6fddd3e356f6519f183ccd426390de0d6f5d49a87c237570fd4', '0xc0094a3ce744e002c745b514e76a5b00880ddd418b2973807e0b0542ab52b3ac', '0x0c19760255d77d3e079552f8f50e5d695b9547f522c9b8e46815eb9b1576f78d']"
44,13398335.0,4521075796870.71,109458374671.0,0.0,
45,13398336.0,1000000000.0,1452155149219.0,1.0,"['0x664f184198f2f056b50778bd3e630f2e50b2756960cd39cfcf0b8a17b0c99999', '0x830499e3ed26dbe271a7efafcb52666e86ddc3e44d4c38b39397a628a55f1eaf', '0x588531bc036514f479c6c012e237eeb8ac8e55ee17b8a3f07306aa301453cef9']"
46,13398337.0,70580296301.0,133152858308.0,1.0,['0x88facaca82b9e3d7db61c191185357da1be3d4b1a8ed3c28e0085b3ecfc3eb1d']
47,13398338.0,400.0,154396582571.0,1.0,"['0x9bfcef5602ae7935f8595e2f507db482c42cd7b36cbf996165d39025c2bf67c8', '0xf4af545f7eb88ef85d5afa9704a0253f576af062c3f12b042f2182e605aa69d9', '0x843a48119158a0e27da2fea7d518a014abaa039edfb7654ff74c4fe0049e4d56', '0xb24187f0a6c9194e28d1c4ca296c26375705be748c5579c06f31e7290d634463', '0xd25fd092bf39b02b6588b048b0ea66ce5ead8e849511a51997f2142aa764c7fc', '0x04c7434c6cd18687928d18991e39a96e8c4b372e774b412fe1cc3f4c6209f352']"
48,13398339.0,75883927827.0,151878139677.0,1.0,['0x28e50b0d9cf4e9bc5733336305d6f5f75fca8f8e640fa23efb34c816800675e3']
49,13398340.0,11807782504.0,277864222136.0,1.0,['0xb6bba8e350beec9658d1842b796b041457cb95d5254d07581f38ea7ef81a10b2']
50,13398342.0,44910163971.0,301033903516.0,1.0,"['0x74a381e598cec399f10530ba38a5473c46c8884df78cb71f4bc3cda0d048f6cc', '0xa947c78a46726026566cf9d08cd69604f88068ef15a4d53d3d9a9a768f08d339', '0x03f9dc86bf0614e383ad62696937a0ce9f086b0ecb35bb49a1507ca0f75f1a4b']"
51,13398343.0,1500000000.0,242633095588.0,1.0,"['0xc3a10b2e131ce8111e3b3010e17c1711f2a50dc8efaaecef07e56fbc7a846996', '0x8a11ba58bf725954ab27ea38c3dfe98f190f18160aef6adefbb789f608a8120c', '0x772e54c5861a1588dbc0fd574f037523e96148c1a0e55fc8373ba48aae181829']"
52,13398345.0,70225468643.0,100000000000.0,1.0,['0x9881fcf40d1100057d5bc2816241eee8e85e97c685308e00793a4c3f0c14c4e6']
53,13398347.0,18744184173.0,197747225978.0,1.0,"['0xc762454aec64d91b510106d332f23346d7d8afdfaf95324999872c6c023fc422', '0x3704de8d222403d39869f64608caec209c34365f907bfa4dc4e3aa5a4ebf562e', '0xeced2c5a0ff2b32b02bcaf36f2b2a5d28e4b51f972e4c53666a89ef1164af97e', '0xa592c3fad98492547989774785a48839fc3450bc5ea7ea570decf4fc1b464603']"
54,13398348.0,312508671018.3503,279761534379.0,0.0,
55,13398350.0,60948543452.0,165590769202.0,1.0,"['0xeba3d24a686f0900befd33d540a6cc1af7d3e54b7a75e81122af9172a251aa24', '0x446252e86194ca71108f74105ba8bd5c935132196bb86ec86a4154952dc9fde9', '0xd4ec51bd4660943995bc5004466dd15ff12125e4aa398292d6a4d3a6db13099d']"
56,13398354.0,60685399402.0,76547345892.0,1.0,"['0x42e6e59c7892c6e86fc2d01a7d9d9e378226bca75261524e3ddfd463eeaf5a1b', '0x1b4e0c8059b74075783813429aab15b23b770334b2d7cbfd6bbdc5981eb670e1']"
57,13398357.0,9980417814.0,167134453001.0,1.0,"['0xd033e6c78c20ed3460527bcc892fc084744214ddcc2378472c7c9f564a5b952a', '0x8c7294e0596145c557bffcb69311893f5b2aece7b7c5a160cc77d51352295373', '0x9548db893f522535dca836f532dfcb9e317235af3928b8faa0ac64b81e8cd566']"
58,13398358.0,1212616316.3638484,159836689134.0,1.0,"['0x2094ffa22ae61a3fb231840abdce145be8f156b7d4b61e2cf8c990535e980071', '0xe0cbd90e960fce7633478ed14da6f32222bd5392035f3d7d3ba21d646e078e42', '0x03da9b47764991d35a6620ba6279f42150f05c56c554db0fce1cfb8803d2f3d0', '0xc513662483b1596c503cbbb80dedd1585f639ff4597f9baba1632dceebb7d28b']"
59,13398359.0,1500000000.0,176452850185.0,1.0,"['0xe15346e72557fde5a67b0a1651def1814a902c0c039fe080a3367be248a12152', '0x93de7db6d53e876b3cfdf1494f26313d666897d5ec1e8e48090653ff0667c0c8', '0x01dc91efa3cf5c0418c7559975d6b50e4f39d4ab37b15fbc161e247311eb5abd']"
60,13398366.0,97895672790.2148,132752137682.0,1.0,"['0x135a017ce8366ba5e9c8025f043275ece09d45b452272f6b6c213113866a7b3a', '0xcc7418b6030a1bdb8fd3fd64888fa74f4d3bf487b3de7b576c8d71917f322f2a']"
61,13398367.0,19458234286.0,250000000000.0,1.0,"['0xef98a89df09dc522d7509d245186af77d7b6dbd0f8cd84cab6e06d51d5128351', '0x48a9d852dc254594e5fc2c61321074b269453addb03b595fbec97064a9d43151', '0xa5bf6e3e40e1bc82a24091bb2c98f7aa7e5b128e624096b2cfaf35b9d170160d', '0x7b43e9de9bccdd0418163b311c4b3fef53c03d2c96d69855569fc9a2cd258fb0']"
62,13398368.0,23422807616.0,511000000000.0,1.0,"['0x62d6b5170ed0a01a5a6be3090862ff3d995ec9d2a827f989c7ca2ae82a97d09c', '0x6b41111884f2390e5fe7419208b8dee69c7f249d94ffd059865ea212678c1277', '0x55a64e1b721338aacf9228307fdd14827d1b8a1bba367f4ddd69c55fb14926ca', '0xa7e25f21981f15a194ab2a3c96758706c954ced29c16be58fef900ab4bbe33d3', '0x3e168a1c76f61b1ccc177446e92146002f59ed3f0a3855ea6efb4f9f697633b8']"
63,13398371.0,22192963859.26644,61885416520.0,1.0,"['0x5175ada37d93d72fb9957ca4f487e240706c8c8a2f68e49db16754d68daff8cd', '0x2224ced242cd4f8663d8245e7054edbf9ceb5af53159b52d48d4378d71b9ccde', '0x5fffe193dc1fc5e8d3c360e5cf76142eeef83decb35d32a7c2d1e83e5ad036b3', '0xeebb362fbff4c0aab97bc346a2fb773d330f2a17bff8b76a0103acfa0698b153']"
64,13398372.0,1268120064.1371098,122130712975.0,1.0,"['0x4210ed017fc7d7bcee1055d6bdb6ccf65464b9f683ea54e53b146c2793768ebb', '0xa4c2ba1bacf5958196bdf97a7d824481bcfb9b865318812b6d36a96991cdf495', '0xcf2c85509e99db6a99e8c51d964049993b630d238e0dc9cc57c9782fe2a5d567', '0x108ac0d51e434bf9effbb50560cc31fb57c187a1b6415c1c2968499898c3bf30', '0x7123f78b04ca737baa446e0308c805cf7fe6c3a8a85795646adf3a9dec755409']"
65,13398373.0,1500000000.0,2500000000.0,1.0,['0x859f6d1e91f4540d44e6b36b24327fd3786f6702dfd35408c61e441ddac30c8f']
66,13398377.0,6175699218.715138,173028714945.0,1.0,"['0x1ad9f9517c15b77231548eaf67024664c576328310ebbcd58c72420d2505d374', '0xa9a23e03a1602128f068f2db9a143bde2c2b1eac0648976f9bf51647c5f4a756', '0x4877ce1b4d7943ca8777fcdf3cece3888fc747f48a27f78a41c19c738356f924', '0x251c8079264914e0398fafc0fa578d108ef1511e24775c954957fb1bf6cc43cd', '0xe8c4f9e1e9d578299a653906c8042c0dd2089643e9652c640200a7d6680323fb', '0x37a84dbfa0d755788893b23e500721513eb82fae1023ae4d18592d8091b76db9']"
67,13398378.0,73705476340.38362,56666292633.0,0.0,
68,13398382.0,61856859143.0,91746957635.0,1.0,['0xa2be5062b4f473578bc06d3660a062b73c15da248786c29252454b2d0934edc1']
69,13398383.0,27794538953.75789,286187916531.0,1.0,"['0xaec53e4079c9154057657601cf3861623c7c105c6a4dcecedd516823fc6cf5b1', '0xe8443ebd056f6f50029c414320b744f04395aac06e178a98c76cdea00afb2b26', '0x44bbf899e63222b1dff8acd6f791122d14fbb2cbba51a76ee7dfe71a2dd6df93', '0x4b4d9c6bb3d3c37a8470f50f3fe3813a43f863696876abf1021e45e6edb81aaa']"
70,13398385.0,0.0,142805996146.0,1.0,"['0x0d5935ee9564cfa4483287649983a99c26a2931e53a15f363900ba70efe222e4', '0x9be227feb16e84daf272fa39fabce859f81c3e6c25ec675dd17378466b4d80f2', '0x122646875a4ef198f5484c4f89b89dfb8c5e304285f14b52e437df2a1be58cf1', '0x4a8364c9ce4d7799736f8807706b745060c24b6faa646f4e0d2f2c6befa6fe12']"
71,13398388.0,590570008426.3936,165890997999.0,0.0,
72,13398390.0,1500000000.0,264355230752.0,1.0,"['0x5fcdd1555e825c2dc697d50d07bcc2eb58292df7696000e323ddb8867d23190e', '0xda482237814cc549ce877d73839f18f707a58750ca4cee3ec06561eab205688f', '0x4ffbaf7b848e48f9bc6db0f53e8dec2e341bc6f7257b483c515a34879bf35036']"
73,13398395.0,49318904771.39984,230565910005.0,1.0,"['0x81b0ddc46296c284bf987529a4216219405c2a8bd14c1ae97a0c6e944bb364e2', '0x184c3348d0f0642618f7b81aa562dfc0f975b1e42c2990fba5b7eb7c6977036d', '0x565e86e7bc030035121e6021085a6068f6cf4d98177f1e897745046463bf7a4a']"
74,13398397.0,17173027294.0,94914688294.0,1.0,"['0x0ac5da290f32a6c1e1aad26077b8e5197f54fc19546a967a420c9adeb6565f0c', '0xaebd11f8923a702d2a92abb9222d9ea353ae73e77f705cc391be345a1b3674a9']"
75,13398400.0,2000000000.0,317419836989.0,1.0,"['0xb4ea783682b24aaf8f0c49bfc6a7e34c16b7c8f995981ea4df519c7b8dabe27a', '0x117800fa7aa4a37d11b1e5f8df8c7908e92c25173e49bfab6b4e7db93610f3e5']"
76,13398401.0,1000000000.0,182614036099.0,1.0,"['0x8f639b63e32b0b965adadef7512f67fc77324440d7b43fca368a9b355b7f76ef', '0x4e01c5c38be11f13b56e2ddc1e8f17c2548625b750d4e8be526ce3e450e0603a']"
77,13398404.0,27413358794.0,176819918893.0,1.0,['0xa3f6574394df9f2946258499fd1122c043429fc82dcae4c8432f288fe4d94436']
78,13398405.0,191305237268.91946,209976702887.0,1.0,"['0x3e81f59502ed96db1944b013d2bd2aaab3caa15e16bc9debe922f8914d6bfc02', '0x30969baa982bad02a436a58c86b3e8f6a6239d0b20f995067055e362dc6baa4d', '0xcf898d6e91fc6b13ecebf1a51fbbfe0608d0fbdc9910666ea4538991f53a0265']"
79,13398407.0,52411642563.78187,183161285729.0,1.0,"['0x38be19d6bc10fca5e97962bead4947af42368e4e15b7ffcfa5b937dfc976d209', '0x6486834bc685c0638062ddad2a17cd1e60f9a6571a3b03ca74a82d50920f49c9', '0x46a0c6793cf2fd182f32f36ba6b1520c5fc529e78b7541adb07b9852b33e7d79', '0x36a086473fee56c076c5d7a8bd3ecb95b9542df4ae7e1499726ff0dac9441388', '0xe62adb71f34a4e1ac1c6ffaac7ab907fdf134c026c452bf8dbebe380635033ab', '0x2fc5d310b121b5e7d47454f71618cbbba03bee0cb57bc9f5b1c3fea6efab1511', '0x67ba15c1851f255f549cfe08d38d6a3cb1e5279800e4c3446bbb4f42eb5c2398', '0xa28854aeb574c1044f56c8c3eefba0bfe77249e89b92bc44464c0ebb69185aa7']"
80,13398408.0,4121756454.076612,78106130114.0,1.0,"['0x7a011c8742f83e98b41cbe1ff6daec5732cdd60ce765ad2839e70abb7633f0a3', '0xa496458db40c5681eb3f477c604a8d2a8f8b4914c1ca33ac700644980cda5d70', '0x471b8934236937255b695fa40a83d07cb2f0af964516d04dbc35cd4cd97177d7']"
81,13398410.0,12977936089.0,55250053228.0,1.0,['0x30564b3a4c316ef1cd848ba5abb7c3c16b8c555f94d737af0f1fbdc0597b4056']
82,13398414.0,1687101508.7497592,330000000000.0,1.0,"['0x70b03dc8a4c59831d88620ca38158f1c1dc941d085d013948c21dafcacd2512f', '0xc639f1251ee556cfd09103a63960ae37f48f4eae74a85e915cc520102558149c', '0x354af0835b57595dbd07feeab6bd47e3a9830406acade7e35c8f907ce327c9db', '0xcc86c956babf160f94f581b48c508cc2bc11143044e1b3bc3f09948afbe82902']"
83,13398416.0,4241285770.0,103669557163.0,1.0,['0x0d60f4dcf2c0e1e39c02b0ce45ee8aab1ca68bac288617dc39b0959bd2365cf6']
84,13398418.0,44986021867.89965,267366959530.0,1.0,"['0x56ca25bddf2337fe0de22de691b06b921ca10df34a6ca8c4c7d02b32d4fde17a', '0x401da5bf7c253ec2335cc860177ce6fcd6efaf0d2ad6ce5d4e652413fe9c8f57', '0x4c3952ebad85b65a0532f3054b3f8991c0adf7abfad289e649ba05501ab80d92', '0x83b52c849b1e18d6828913c4ed84f3cd7dd86520586e73345b55b5e83756be3e']"
85,13398422.0,19339775388.0,211930689643.0,1.0,"['0xc89552cf1c7188851429322861bbfebca4a69336130920d92b777a5378885377', '0x1047b11e805aaee5f2b991f57c92e323c99e0588640c74091994159658f2f2aa', '0x96478284519f38c4062d0e2d8dfd3dea10057523354c5737fea5b87fe7b37876', '0x2d8cb5fc2efad392858c5280e065646db63a4ae51b66ced321df9364ddbc52c6', '0xb8adfccdb22819cb164203d7eae536af8f86f7f8db31931ff092f271a1520d6b', '0x6517c9be6de9b4a20cf517eec8a78d99d30af7df962fd1db0013f93c90fc62bc']"
86,13398423.0,1785625623.0147054,110282854756.0,1.0,"['0xf1ffe880cf75570258f3ff9bc2f312b4f389321fd2293a25ffc3e028b7f39a08', '0x83599449d0620a06c99b9881aeca9ff90490b3b27dd519a3283fee368184d013', '0x50b8a1f88ff7bf43bed2358cf49ece5664540ed6c1eff8c6aa00067b9fcafd52', '0x45687b7fade6d9b7b87dbe85cd442b0ea9f18c4f6d929dd2bb74a3cde99ffa4f', '0xadcc25e928eb153290f657184362d27b51cad2cd409e117b1bb21f749b1847f8', '0x5381e86fd6e3e1362f20264bab1573824fd3dd3990c40c27ab419a8f69bfe757', '0x887beac782d635fccb0ff0dffbdef504d2b83d9f8d07b4bf23d4ccf7b27cc41f', '0x19d01017028c834d91bc05aa9386399637e4596adc2417595b36f6dd697fedab']"
87,13398428.0,1500000000.0,511000000000.0,1.0,"['0x6d725d1ea4e0d81d4fe7e8e32948e64b5224073e8f74fe606e1a6733b27426a0', '0x939f965df18b8a81f66b52944dcb8669d121b86ba6ff1788044a9e467b554684', '0xc53c41eab69c6991d999683493dfbab9973525fb6b989803c13e3cdab4ccea8f', '0x0ce1bd262f7c663ebe67934a75b12c4be56db6fbc75dacd3911e12c1aba8badf', '0x29d110ed7a9c4848c0d0a282089212065577780226db48657e5f5038ce70366d', '0x88dfd16ede1dbc1fb690abeee9d53fdf622e2606dad8e540606bacf85336717c', '0x2935458892c8875a8b0a4c4a5f2fbb5f6f198ef2a511ea37d1c088019bcd1450', '0x279a34bbbe33d3a2acad67ae4df36c67a98cfb23e48df6f7072754c6866efc3e', '0x985ccb8980e9e024e9c3d09283bb1bbe0a46375fabaa03da277a2b1b2268658c', '0xd453eb35ede89ef4021ab4af1b5130da97edcb3be5377fdcf8b19e0f41158745', '0x4eaf25484e761e1755f2b77e3d4f98245a088a15ba1b952a723e451e6e1f0280', '0xb0a4592003fef84e5e904ddf4cfb597d8f489c20cc41ccac2d3ba97feaa6f8f9', '0x17b4b38aaea0f6a8842c296c9bd4589e27eab68ae3708e60bac78362201b7bbd']"
88,13398429.0,554784417412.558,154483332440.0,0.0,
89,13398432.0,1000000000.0,134002906354.0,1.0,"['0xbeab85732080bd47b7037598c8cd98b16a598286fcba7cee492fbf4d86995037', '0x7bb07c02d6381a17eea131f8ecbb88e2908399add011421e90f7a4edcabf05d8']"
90,13398435.0,203537004142.0032,149396425165.0,0.0,
91,13398437.0,49588557396.0,310418125185.0,1.0,['0x5488ec99336d97914f3e73cf5f671205d68fd552d5f409ee52c15ea054da9627']
92,13398438.0,6668641792.514255,200733318096.0,1.0,"['0x347219076e35e68597a6d5b1073086b1a0a4992c4fc799b2f7bc4a69d40eab1d', '0xc4db59bcf22468c29d45247ffda44f52d5ef2eab514b5d51872dc7358dcf8fb7', '0x82ac4f1ad11f7bcdf5c59b7efc953be1cc6bc2270ba739806a0106f79872a818']"
93,13398440.0,3000000000.0,110749657846.0,1.0,['0xafc4656dd07bfb155c778f25b078a8dd83580cccc580484284c698d157ed3f48']
94,13398441.0,2000000000.0,61369894743.0,1.0,['0x3b8f23cef71c00c6be5f5a1f8e237f7c37e9d1a0dbd28ec5988622f65ad6efb6']
95,13398444.0,53840095324.02738,138571836845.0,1.0,"['0x0040cbe13186af09fc5838eea04cf6dbdf9e70e615f6a4d2d7aa62efd210d502', '0x367d7941f1e365d1869bfc752a318ddb7a59676434282a8b94ac175ea8639f4d', '0x58c8af45ba39d59464576dc7ce79a1f1a052f97dde4dd0f135299d9fbc95813c', '0x237e61f7008c360aa302d95b47e8d384527e37c847d90878760b2052f5d2d638']"
96,13398445.0,1500000000.0,127941916993.0,1.0,"['0x67880d071cead22821a805d23638857b78595f96cd3cb1d83f1242ecee0d7804', '0x0ed13baae337ef885e0573c4f282b904dcd794f0c3dededb0396bff6b79a006c', '0x6c5736099a14085ae9ed4906aff87f3d1a0db0aed9e85a38b7086d6d721bb59e']"
97,13398448.0,372.0,198211609708.0,1.0,"['0xfbea02d8de97ae7b0eb117ae43423f4dc244fb38dbe6cd2fa5798b6181fccefa', '0x8444d489d01e6fe793417c6f5db5fc9dee6f9f47d7c70842cc71efe4f3ed4626', '0x354d907305d70126f7a1ad80e7f00f96243d1164ae85c77470016d05db997ae8', '0x41a27309daa1eae475b19dbfc3488d3dfb8a2a465c8b04c441c20423f330ec6b', '0x5b7db2bb6a7a578b2db7f5ac4ae6db3f2bb6ace3fb0e01772ad9c490a950f742', '0xd9cf36ede786f2c12b12292fd8467af81b143cd2c0da5d2da15954921a8ec620', '0x532688a49e5f9e66a354b280aafe514692aff5399ad3d0d6185ef558b97deed2']"
98,13398450.0,60617812376.0,119532187740.0,1.0,['0x2350b3cac90deb86798a6864859a87dec430bf5f1a56a2b49a7cf41d9c7c9a00']
99,13398451.0,12092872565.0,126189050015.0,1.0,['0x1564a30d2973c051de3fe3e8f58467f1c3d4b346ecfea8f2eae88676f8fbc2ab']
100,13398453.0,18015095420.0,148249586496.0,1.0,"['0xb772932d857c9d9e9419da3c72677ced0a8eff7c0d1f23bdd95576c8de100955', '0xb3bcd9fe0a9488eeef113e4bd796303ca6b9e3aed34f529ce3763dffb7f897d8', '0x7ffc425c22a1bd699113922ed7f3eb791566634c55bb453c107b54ae9e7e66cb', '0xdfae0087aa9003cd474b402de78fe3b0d3e5061e48515556e14e257f2276b932', '0xb9f363a4f39e48b646e8886c8f96263b964fc312fb4a93b61c906550a0616616', '0x9cdbd1b895ce3fb7108fb99ed43a9845ba1276a94085af698270886727edaea1']"
