,txHash,blockNumber,我方time,我方gasPrice,我方toMiner,我方gasUsed,我方折算,是否N+2,是否抢机会,对方txHash,对方botTime,对方gasPrice,对方toMiner,对方gasUsed,对方折算
0,0x77a4e6eff206ed485a8afd6cb9c28adaba0fb7301b4f25253bed38e205fd833b,13022584,2021-08-14 17:58:53,32045718613,0,205672,32045718613.0,N+1,yes,0xee7b5445a5b386774d44fc8a5b8122e550987479b6ebbea2f275e71b81af20e0,2021-08-14 17:58:46,45600000000,2.596049483275180364,130959,45600000000.00002
1,0x4c41a1ccade5746ece13116740cfb549e91988c54b4096e397a778352583f5fd,13022587,2021-08-14 18:00:24,29803182075,0,216175,29803182075.0,N+1,no,,,,,,
2,0x7ec122f7a274c1142664d3947fc200a5724ee71d1d2fdf0d5738f7d7d367b241,13022628,2021-08-14 18:09:20,28219460575,0,223942,28219460575.0,N+1,no,,,,,,
3,0x509d12eef5fa24ecb42ed73603e888712f55740724f8e66429912285932d9f59,13022628,2021-08-14 18:09:20,28219460575,0,223942,28219460575.0,N+1,yes,0x706d62fd2f87c792cbaa7a28c76e9b341d7323949bc79d8ad71aa518e594e140,2021-08-14 18:09:13,45070460821,3.054759306338753984,691689,45070460821.00001
4,0x8a5c73ecc2a9dd11a73a4b5dc8dd799eae0dc7b5d496e0a7fc8a7cea75e04374,13022628,2021-08-14 18:09:31,28219460575,0,223942,28219460575.0,not exist,no,,,,,,
5,0xd9c3e10391c0d1c10dac1b4e8de0e3c7841bff75b9aca4cb5f0ce9dca8aa6f2c,13022628,2021-08-14 18:09:35,28219460575,0,223942,28219460575.0,N+1,yes,0x2a09a789b15f61908347969d9a67d1fa59e3aff4a6e01c2cfcb29343294eb0b7,2021-08-14 18:09:13,47000000000,0,298415,47000000000.0
6,0x11d7cd39f465cd460807b5c6dae151095cb3818075e00939273ca005ccf38cd0,13022628,2021-08-14 18:09:38,28219460575,0,223942,28219460575.0,N+1,no,,,,,,
7,0xb57c969f9622dfbc739d474d4d7e33db0d0c95f73daea859956a8ff26d8bf181,13022630,2021-08-14 18:09:50,28219460575,0,223942,28219460575.0,N+1,no,,,,,,
8,0x91d28cdac32ef762194518eee3e9979afe7d138133223143754d06a79010127e,13022631,2021-08-14 18:10:06,48945302326,0,194269,48945302326.0,N+2,no,,,,,,
9,0x3e69c806af608d65bb7c474b867f7e00b45a6e850d3b209c4a13a697ccba0896,13022638,2021-08-14 18:11:45,69643964100,0,199637,69643964100.0,N+1,yes,0x26f3241f00fe3359a9b00b8c992ed38491d8e11ab1dbc76003ec22f3f536d940,2021-08-14 18:11:30,39526294596,0.077865214455840768,137936,39526294596.0
10,0x22d2ee8c43f87971ada7fd2f21a605210c66d86c970095f110dc00627a5caa52,13022653,2021-08-14 18:14:25,31527219799,0,214210,31527219799.0,N+1,yes,0x4703f84477b29b2884335e145b9934ffadd85b2b6ddee2dd4cb363b6f8d02e38,2021-08-14 18:14:16,52831949928,0,289708,52831949928.0
11,0xeb886992588649a8466477e6824f9d364ab3907402ef819bc45fd1cc85e23e72,13022654,2021-08-14 18:14:44,40260052293,0,202976,40260052293.0,N+1,no,,,,,,
12,0x4c9043177c3e4d7500a740b75721ded06b32d52f8e4ddbc3ef070e0e18fb911e,13022655,2021-08-14 18:15:06,50507549366,0,200686,50507549366.0,not exist,no,,,,,,
13,0x9368da06d865b6c75d71a3f220350b72cb6fae79bfb1624b05c0dfac3240d098,13022655,2021-08-14 18:15:03,50507549366,0,200686,50507549366.0,not exist,no,,,,,,
14,0xeb4e5c82458bb1bf795aa650c16ae9cb5702f9e6c2f667ea5d4c0ff80739b8c3,13022655,2021-08-14 18:15:04,50507549366,0,200686,50507549366.0,not exist,no,,,,,,
15,0xc3953d48d4bb34440db330f6b17c25578de25ce98b89ac295e41ae3f90a6fdec,13022665,2021-08-14 18:18:10,42593960965,0,214878,42593960965.0,N+1,yes,0xd7b52c8ae91b9e57c458a268804f35a20b2ffbe7e3a51b6033e58b4ad5259f5b,2021-08-14 18:17:50,47000000000,1.92,118258,47000000000.000015
16,0xba05fb0c7732a6f7e6d9b13637a6d862d5c8d5aefe5e6cb206f5d9a4218ca2ab,13022672,2021-08-14 18:20:16,35951371712,0,200686,35951371712.0,N+1,yes,0xd6817b583ec5def706894a30d10c6778281023b7334e81fcbf936724f52fa980,2021-08-14 18:20:11,62946282858,0,260469,62946282858.0
17,0x4432eae70e21e4d8fac987ea2b8bb36131353e79659d8755f11dc866fd762045,13022674,2021-08-14 18:20:56,41197480520,0,207216,41197480520.0,fail,no,,,,,,
18,0x367a94c28d6c67bac6b59aedea86bd43d8c3fae0d2eec8cc64aec744a4c52f30,13022678,2021-08-14 18:22:06,32676644253,0,207534,32676644253.0,N+1,no,,,,,,
19,0x76ba06364b5bcf087fdc0432c366ba0c086a48e0149ec62b8e79c0e27422fb65,13022683,2021-08-14 18:22:55,36165277431,0,205825,36165277431.0,N+2,no,,,,,,
20,0xa7c0a6decdc13b1e7bed809d496c0e1c9987072cefdf981c37fc33c401b66063,13022684,2021-08-14 18:23:24,57576565620,0,199396,57576565620.0,N+1,yes,0x0458653c0f7b6c1bd2a2340a614bfe58a24db4e3018cb61e78ea7fc4ae91b93f,2021-08-14 18:23:12,46252265354,0.008043175190375627,181445,46252265354.0
21,0xdfe7950d9a5ff86ec25f5e33b46b73c2978a170584182eb09e6531409cde596e,13022685,2021-08-14 18:23:45,37767520081,0,203940,37767520081.0,no,no,,,,,,
22,0x7101a6a165db869cd39a42df93e74c25b38613a3583281be46da8eb23ff5a27c,13022686,2021-08-14 18:23:50,39278424576,0,203723,39278424576.0,N+1,no,,,,,,
23,0xc416bbbeb62ad808c31da2a604b36db6b7095499a981853adc1411c56fe431ae,13022689,2021-08-14 18:24:16,64606616546,0,199384,64606616546.0,N+1,yes,0x2469c711ed827e65a1bd169e3b8dc57383465b77f4834461880552264f02ae10,2021-08-14 18:24:11,142620948649,0,183999,142620948649.0
24,0xf873cd7e644fa5dbc4a6f6da67a6781f5690c384dee0c2e47fa8c603a13036bb,13022730,2021-08-14 18:32:46,32890843882,0,237005,32890843882.0,N+1,no,,,,,,
25,0x65e3a83a3710077cbf77cc04052b1a4328a3e58d4dbfe6fb177e3b83cfe5a4e9,13022776,2021-08-14 18:41:52,31784189579,0,270124,31784189579.0,N+2,no,,,,,,
26,0x50c0f60db1af6b1ea341347fa2925dde7dd3d6f4c8cc6446ad22978f3c8c9ac3,13022776,2021-08-14 18:41:53,109813360327,0,216247,109813360327.0,N+2,yes,0x4dc6370bc292d77c1c69942f785d020a7702702167701b693c2c462b4401a17a,2021-08-14 18:41:52,381508650513,0,138293,381508650513.0
27,0xe6dff5264a01cffbbab920d0e2a43e634838ffa2b63a9d00665707fce69f762b,13022778,2021-08-14 18:42:00,43846899370,0,216247,43846899370.0,not exist,no,,,,,,
28,0x084e24aea2e9d6940d5044008fbe693de6e9776ec4a76b1cb6d6aefe314d8b7d,13022778,2021-08-14 18:42:05,31929700705,0,216247,31929700705.0,N+1,no,,,,,,
29,0x8a87b697456ca4af75e15ff34b51a9e71da17df8d1dddd44c22b51138c8b2cf3,13022778,2021-08-14 18:42:06,43846899370,0,216247,43846899370.0,N+1,no,,,,,,
30,0xfa507402004d3451fe9923a6617d4e60ad5f89c4118177d81dcdb7a1900e375e,13022852,2021-08-14 18:57:54,56655842212,0,203720,56655842212.0,N+2,yes,0xe5f9c85d35ecd7a3276bbfd732c3700b39d4c8713ede2bc31f16a8dcbf81f52e,2021-08-14 18:57:52,37107483605,3.026254598346759095,248913,37107483605.000015
31,0x35ffef21f888adafca2968aa8b9919e126f71f93a2fd8240fff3196d17e5de19,13022862,2021-08-14 18:59:47,40200571205,0,191162,40200571205.0,N+1,no,,,,,,
32,0x6374edde518dc1efd5a04ad1bdfa6c6ff79d0dda2e929d9543c13ba528c729ad,13022964,2021-08-14 19:22:02,36468721813,0,191408,36468721813.0,N+1,yes,0x3891748297ccc98c8349e9288b3bdd6d69da63088227825d964e31eb3c917a49,2021-08-14 19:21:57,30373099135,0.023872321584365568,180697,30373099135.0
33,0xbdee19f7a3026298fdff68958aaed6858b38fdb0dc2e89eeb91c7faf4b6ecdf4,13022977,2021-08-14 19:24:08,35370842452,0,191170,35370842452.0,N+1,yes,0x48783583c81468f5cb42c84b86847006e56f61ecb1b0b9785d74df60f92d577c,2021-08-14 19:24:01,40051369128,0,204578,40051369128.0
34,0x597d9dfd42f49bdc0200e19173e1ded82ae1ba894c6c2c4e38a16189cfc6f99f,13023000,2021-08-14 19:30:15,32409201203,0,210289,32409201203.0,N+2,yes,0xc33e98a89973fb2e69fbde79fb7e595598bc086a4150eca37c451f567abf67a9,2021-08-14 19:30:13,56359527965,0,237374,56359527965.0
35,0xecf7d180b1b8cf6601dcb8455fe5f044a9e9d62e02134e0e86f0d25744dbcab1,13023008,2021-08-14 19:32:02,34557231585,0,191232,34557231585.0,N+1,yes,0x4b19dfde80a4cbe6ba4deb1f49c18e8f2baaeeb14111bf4c3f52acbbeb32ac51,2021-08-14 19:31:52,53626112705,0,197641,53626112704.99999
36,0x63d22c110ded5f288bb3a894a36c3939f5b54f1ed3e431298d67d5c065f2c542,13023026,2021-08-14 19:35:52,30208176316,0,209475,30208176316.0,N+1,yes,0x15ad115df4696aa9b167513441f3e1510e7eab51d891b4b05c66fb02ea563255,2021-08-14 19:35:31,188678132954,0,173629,188678132954.0
37,0x63d22c110ded5f288bb3a894a36c3939f5b54f1ed3e431298d67d5c065f2c542,13023026,2021-08-14 19:35:53,35181433737,0,209475,35181433737.0,N+1,yes,0x15ad115df4696aa9b167513441f3e1510e7eab51d891b4b05c66fb02ea563255,2021-08-14 19:35:31,188678132954,0,173629,188678132954.0
38,0xbd89ef8e452e2c533ae9a03fb0cecf11d8c8e497d2243aa01d664dadbac32d83,13023086,2021-08-14 19:47:42,35163690166,0,191396,35163690166.0,N+1,yes,0xcc9a519e8900b676c1d63f1ded8916c553d033a987ba0f3bb6331efd357b7acd,2021-08-14 19:47:34,155414953588,0,173089,155414953588.0
39,0x97ea370521d12eea80c4a221590ab8e9b4f87a761728a731d3daca32a22f20a1,13023237,2021-08-14 20:16:44,37741050622,0,199625,37741050622.0,N+1,no,,,,,,
40,0x3627433466c18b233162573cd6b71cbac19e0f1623e55abd2232d9c156ff7b98,13023287,2021-08-14 20:28:20,63612099113,0,203530,63612099113.0,N+1,no,,,,,,
41,0x9c0eb70059b65f7f4fb495d2fea16e85cda62304757aa9bdb602159174a9153c,13023344,2021-08-14 20:42:58,42868883811,0,191761,42868883811.0,N+1,yes,0x41d53dc5959a54b95f4aad56249ed7703aa9d97991c045496791e30f0ab3fa56,2021-08-14 20:42:47,39210215061,0.016564048310689164,180498,39210215061.0
42,0xe9751cd67854e698a686fd165090862f996a4f5a1f8ecf55fad90a3d90be7308,13023352,2021-08-14 20:46:33,39751657349,0,191027,39751657349.0,N+1,yes,0xeee46c2c7a89ab9d292c0299eca198251f01cf6ce2de28c55eb8ed314c174e1b,2021-08-14 20:45:41,47120946382,0,229008,47120946382.0
43,0x85b861795263c971780e6369588592d8d96daf711b669846dc2338e4f0ef8823,13023398,2021-08-14 20:55:56,47584893193,0,204088,47584893193.0,N+1,no,,,,,,
44,0xa686f591e2086becb4aa66b37ec1f01e626225cf2a587e40143c48f3c0b5d969,13023542,2021-08-14 21:27:47,345222041190,0,206601,345222041190.0,N+1,yes,0x21d253d0d4744b7ca5b3786bb811069253c1006e5f72bfe6f106342908964cf2,2021-08-14 21:27:39,32997472788,0.071703528000897963,196108,32997472788.0
45,0x579a4ee496e057716891ab6994714c8ea7017e84c319e583eedf43fd9eca01aa,13023547,2021-08-14 21:29:11,84651623105,0,193969,84651623105.0,N+1,yes,0x47028bb48c941c67afdde110bfdc72a82f898822362ce00c440b8ebee011f2ae,2021-08-14 21:28:55,100001114989,0,174076,100001114989.0
46,0x619e8959cba133dfdf23b885d9d168fe3ebcecb9b6a4f7dd0f2813dc85318ac3,13023554,2021-08-14 21:31:02,35754354040,0,213181,35754354040.0,N+2,yes,0xfcb06a7f3374ce630a00abedeb04f9dac5cbec29e627fb754e8ccfffefb27323,2021-08-14 21:31:01,190221287650,0,183004,190221287650.0
47,0x4c96eb3a5e40b958a9513dfa8f62c1a1cb71f66b8b6035b2459a8abcc4d73f64,13023649,2021-08-14 21:50:27,23450593541,0,273995,23450593541.0,N+1,yes,0x18f84f004c23c2e05eb766490217e35366ead9daf42f6cfbfd79c1c950b54bfb,2021-08-14 21:50:20,33313662036,3.033236916388851832,113127,33313662036.000027
48,0xcbb515ec0a571f2cb594fd3b10f0ca0a5bc21aed400eccac65cc64fd2c8d66a1,13023674,2021-08-14 21:55:33,23270574559,0,272090,23270574559.0,N+2,no,,,,,,
49,0x6650e591e0d7816b7cb912ec44e36158eed2bd1b9fa249cdb3d65908acb3afef,13023713,2021-08-14 22:04:56,39808761336,0,195607,39808761336.0,N+1,yes,0x4f9cd87e1a5316372816dbf6ab768bacee060afd5d20fff66005c0b44a8c3ef7,2021-08-14 22:04:50,39000000000,0,234287,39000000000.0
