,gasUsed,txHash
0,208904,0x941d5a2941cee84fa970f24b5c02b846299f39ff0fbcdd8f3269e058a7d07a98
1,208904,0x62db5c74d299003d0c82ede4cefd0b29cccd8821da0c3d1c4ba53fdb5ffda057
2,213904,0xeb3a3f8907d8f4bb0c91a90d371614bb10a0274839a7687f054b6d8baef6aedd
3,200080,0xe7f17adf98ba62e005c8c588faa4572bc39dfd73f4aa00528c6e72168e43da3a
4,213916,0x85649d43424efa90315c0aa3ebda92e05421f736dc53b5c3378b4f8f5c3b83f0
5,206867,0xd631ff431a3f519f78aaec1cca3db2ab1af45d44b8937c45783230b2efac06e2
6,213921,0x875e31886f38034ddefb3fcba0b2a584c58e983f4414c4625eaba46cb0c1fad2
7,215501,0x957b228b7b065e6d34995789c9931ef462a71c9a4aaa6e8217826cfaaa0b5107
8,206867,0x02de5075e229f7cbe00c22eee5acacab04c92e1434269ecf8fea8d953b4796e5
9,199707,0x63a67552073af2c44e76e566252fff20b451b50ea20c5e9077095fb6ae533215
10,199707,0x63a67552073af2c44e76e566252fff20b451b50ea20c5e9077095fb6ae533215
11,209987,0x7cc44dbd554d87953ecbbb2d8edbef46aaea23f4659f2d2944b0c789fcda359e
12,207389,0x7f81aae20cc1fdca924a51ceb720605aea2d07566fe5023fc8ab42db22897b25
13,207389,0x066271d7d32184c6968acf8dcab4c2bb05b89c9b333d238b928ce05146ec84eb
14,199529,0xe5a58d824f05d4ac409f9ca788ab39cd39cdf8e5f306a4e5f5bff0d92f546dd3
15,208904,0x53584c67f4752e5040ab4a6b8fbcc22c27d33e27b61484c5cb7e2f622d7c43b1
16,193660,0xc7d6f7d5dcacd1e93ba254feb69a7ba36082f5bbb3d1e37acfcd5197ff5f42a6
17,195804,0x3c52864eb82457364f5102a161bebdb9343c1ac6ccdc33350bb67056f160ad61
18,195244,0x3c52864eb82457364f5102a161bebdb9343c1ac6ccdc33350bb67056f160ad61
19,196297,0xc46aa478384f5d9b126325e9c243a647c1ccc211c8a82df11ad14dcdcc036f87
20,206958,0x777c56943df2f79325be238aa24e778b5f43a1bf0466312447542a20bd64237f
21,206958,0x7fdf4a481ecba02fd3a01a6ead5ff64659ea6fe30b161220a87a5be5ef86d4cd
22,206958,0xe085d14b6686de816d5a055866014a05af227371dd5b432d83924d71017d6c8a
23,219652,0x960d81ca9268f106830aae4d987830c206ca21a147238b3e006c216969cb45ee
24,199707,0x6fe67d68d302f28c6bbb2840e31779f86652beafb338981b97d2103a923edcbc
25,196297,0x2807d81279ef4b4ba8cce5dbef8fb349dd82a92b38a28340793f0b95a2fc7c2c
26,191302,0xa5c545353250089fe817197360df49098fac7d04734a0896b7522c20b227dc9f
27,214815,0xbd5ced49cade3b53debbb378b6891aedfd857ed10a1ceab5733751c065bdd4e1
28,199695,0x070914cd813749af8b2e75136ca61a9ee97d0a4577a94c0b7ca0ee219ae74476
29,208904,0x06aa4ed97f6e14fe2fcfd471c3583ee3d87c60bb0ef920b2b2d2c657cd2a0c32
30,201605,0xffef533939363323d68f0daeb9fbbe7663a66e8f51b1b5e2d08ccd9f5be89797
31,199707,0xeb7217022bd2a2a02c024061497f555484d370fe20cd62d27ecbe9ae51acfd1a
32,196297,0x54fade53cd708d0b7e0051930ef442a061470fbdf729c9775a58b51a1845ae0e
33,270693,0xce32b23dbae12eda40110b746263ff1ee039ddfe1ff8103561e3a24fb140e9ee
34,266178,0x3f867358ec4be2ec3d91b9257a16e9c4d22ae707c941d1f21a0a7c3bc8fbc65a
35,212762,0x716c420c5150eb85a705a17d3f0b158584d4326d8b301e23d519bb68b7300c41
36,214791,0x3dc0d865e400cb4c80b78e5e078ad9c748866a901180403da4bd6bbf17d627c8
37,225347,0x71299f6dfa029fd4f24b6648b66e02e20ed781ce86f0b0d5ccc88d998c1dcfdc
38,207381,0xedd5e4752afcd0cceb82f6fd732a0dadf530162ba67038c70dc53ad5e5672b82
39,225347,0xfc689cc953e4373b936bdbc0356190a48ba3c69d37cc4c7554d8a9db5bba0224
40,207509,0x5275e4d2e34ad4254fa90a3497089b07b277eda76796b0988d770d813f3c58e5
41,225347,0x24d6ed00b8945d01d9c3d53946abbe7de19855ca29b3951894be920912a0d310
42,225347,0x4052a6e839f14423795c3a92a566f145093439ce967fa1c6e60d335632495803
43,225347,0xd33d75bb928a345b5ccc4fbc23afaa6833a30092ed2e748821b77b913d4b96be
44,225347,0x3d6ecfc24c20b0aa632cc6e0d6b0b444d7e2707897b859439382a73417544942
45,225347,0x75c766132d43ccb606a17ea3d6d5b823a04b37494ab41c25774ba15dfec940d1
46,210224,0xd71109a892d29e94acc22ba611adf5f15f51e6e67e133cd88fab0fbdf5406531
47,214791,0x80c60b82a9fc417ed936bd17c8be7175c8fd8a17c296904a06718c8c4b8327ad
48,208892,0x18f8bb8d1616adc3772ee67ea7c5992573ce348c52ea4f7c83778e7739207366
49,217265,0x2cedae4a6520e7c039fd2c3e1999d88706888d1e55d62720438942843737cd63
50,201835,0x2cedae4a6520e7c039fd2c3e1999d88706888d1e55d62720438942843737cd63
51,201835,0x2cedae4a6520e7c039fd2c3e1999d88706888d1e55d62720438942843737cd63
52,217265,0x2cedae4a6520e7c039fd2c3e1999d88706888d1e55d62720438942843737cd63
53,200682,0x4579ea2e71675ac2c7dfd3d47020e481c15087855030ff0c6439dcefc903f56e
54,211892,0x172a2a6aeb011a7d11fca3b1d1e9ff2128c7928660b4fcb888b224b73a09cc5d
55,220030,0x2df857b05af398d99bbeb659e5c75726059ddf0972521fe79cef5887a88d16a2
56,207129,0x00b1fcab79460967dddd5f9fab19a726dedec83653737861389b88eaee660d26
57,199707,0xaa1ddda48657cf4c0926f806ac8572f21fc119359f9161465271e5e12e5c4962
58,206487,0xbd978fa1b9602827cfb80bf71f109e195f5180227170242db6abda710736a9e9
59,206487,0x3bb206bb6109d59ea55a12ea263252eb73b93ad1a86de1a623e5348245758083
60,206499,0x63b4ea1d154b410a668b05a74013edbc8ed2dd2347f63a115d43ab74964a2f35
61,204068,0xb0c89c478172d6c696f4a1098955c21c1dcab8b6d32ba26be428fa9e89e89a46
62,210224,0x1e7356ed338ae8db2e693ff8d26ff6ff45388cf2f58cc3785ffb566dae7800a1
63,209995,0xc65f551cd3a37781400c1e8bdc4e889e6287e2f44dbca308dd5136e712a057bd
64,227460,0xcb7ff09959f54195bcabc8905c7f52a7f0d84904bf104285ef5d75a569df1d62
65,227460,0x0c97b82e793c9211fe16638385580212f930bfd88f0ee0aaa088a95ca43a7961
66,190849,0x6038c407ea5824863dd98319bbebba17165202db09b0f2b9924b33e9aa877bf4
67,194413,0x733b81578a55109e5b8c2fa6cf23301eeb180c87b685750867a4b7e7b3e60229
68,221582,0x73bf0807d83e5edddd408bffc2a1bd37705237b21819272b97b10cb53469a965
69,203756,0x1d957385706a454517fc9fbee724831d791011cb64d1d8c94d77e0d5ec9d0969
70,203756,0x977bbeb2135e41f26306f6628fea6a90cdc94650468baac04d7a485d7c96b59c
71,221582,0x1fc279b8ce253248fed0d439e3f1ea4a7680b51f6dac589e4dcf7720b4aa5694
72,203756,0x4d481c17de05806c5f826a182b96e87583c062d99d6d9472d973a31ef5244184
73,195281,0x50a745f73379d3392bbd4c0734ef0b8fb3eb4592618c90330c358fa26f27fc25
74,199707,0x202ebe0ac6588ea82ed5974f018f3ab4428444afaa90285f301d4235a1dd59d3
75,221582,0x820b16f01878546e5b8bafb1f70933ac6a7c0c046ca1be50fac42c2192ef7ece
76,206046,0x311e42019c9070abe43689bc7a88eac043d885ba515949368e09810a66e0102a
77,191607,0xabac3c0ca3a36bde1593ec9cfb5b288576671e28f984dec11ad76fd2227a0917
78,209995,0x2d0f68430c6903fe94492686aa97823e37fdb01a18394be47993152b8895d5b1
79,206499,0x9655ff80e7069c2b6d6e966f77fa55a74e9f88b18e641b09aeb7d36b4abc9087
80,220411,0xa75b4fd7ef65a936901f69aa38cd9270cce10bcaf35ccd7fc8c02f8716ffa514
81,211178,0xa75b4fd7ef65a936901f69aa38cd9270cce10bcaf35ccd7fc8c02f8716ffa514
82,220411,0x51adfeb35d03620ffd47cb36250a73c424e8e8ecb468782ce71f6ad271e6ee1d
83,221594,0x51adfeb35d03620ffd47cb36250a73c424e8e8ecb468782ce71f6ad271e6ee1d
84,220411,0x6949e531dffaf535302a69f4b74790b0e0829b4e4d3611b3c7e252a59aaaae39
85,202202,0xd6077c40b5d3e0290b3d3b22acb7226f828173d1092e428c4aa04268048f6bf0
86,221594,0x6949e531dffaf535302a69f4b74790b0e0829b4e4d3611b3c7e252a59aaaae39
87,220411,0xe7f7ffcb1833ffcd2cf7d5b7a275033b16e9cc001b04e36d5f22d127d359d21c
88,202396,0xe7f7ffcb1833ffcd2cf7d5b7a275033b16e9cc001b04e36d5f22d127d359d21c
89,191607,0xa1585b4cb68fd099ca65702668f5e3128ab5474b929a9ca4caaa10cc8395c0ed
90,209995,0xe3407b74c541131656b17ad379895fe22769acd97d28847255a774d7ffa2ca41
91,209983,0x5fd9aca8155d6ab0f21807d6071f97b57ebf1035ccf2036e99dffd845fc26b45
92,203985,0x16fcf7c84e18e32298e32862fd3c81787cf5bbe06132b1927f16f3467f4a27c3
93,206046,0xedc0b12b619dae18d561b90f9439f9182c5c996c80a477db8740b38f730912a8
94,209995,0x3ea7818968c8d2889b8b58adab7422c44fe8d993b3b0514a3c670d32f51b6626
95,209995,0xf23a1624f3ac9ac20b8ac6c6db007ea0aac2eaf94bc2dc88c9150e855ddf28c4
96,221594,0xe438af5727e632afb19155e242fd68f4810ab7bce41c2c1b47ca238bef50c0a1
97,220411,0xe438af5727e632afb19155e242fd68f4810ab7bce41c2c1b47ca238bef50c0a1
98,203973,0x3d54c11d0bbad3be3582a820ec7f1b926b2c0b18a12d737737b2c29bc0c206d9
99,203985,0xe57a3f64fa409f49c6e400cf5f693d864f4a10b758372fd7ed2a6305ac164fbf
100,220411,0xf4353a4d44aee3fce0b4debb96846f564f6cb21a66515aded2f49f8469b8c6f6
101,221594,0xf4353a4d44aee3fce0b4debb96846f564f6cb21a66515aded2f49f8469b8c6f6
102,191607,0x5cd26ed2b54e3a6a3eaef17ecd03a57521c06124e223e73ad60bbf217e952f47
103,211390,0xd9a3946f67769751a9c3803980b1a702d76b40d841d3f2a7d35ac6d682936df0
104,209983,0x86b943ce1ef7f424d68aa43b9b148990a4f8141edd96ab61ad1d9a960e2bb436
105,209995,0x3762a4d0e00b0a513f5cdada4fccd542ec7f4ecff3ca3460e563f6ebd8c81d34
106,209983,0xd4f600b8d8b331b026bdd1bfa8c60eb86372b41a7669d2f78d96c3196f284941
107,221594,0xd4f600b8d8b331b026bdd1bfa8c60eb86372b41a7669d2f78d96c3196f284941
108,209995,0xe91faacaf03896bf8337bd3316cc888b4bfe5c8f34d420251d226f101ef30097
109,191607,0x82940daa7dccfbced3446d71faa44cd4117dc32d627fb45c6938790c8fa49eb8
110,190680,0xf5ccde1c0b7c787bdb4958bf212cd2fcf01485ee79709f19685e7aba7e63dc5b
111,191619,0x44e9a70e53bb60b1b89a2858b3376a4645377ca993374e1d6a8fd3eb3c775370
112,221594,0x8d9c5af86ce139202bb6ac3cca9411152004608a47f549a3b6534e8b4b066413
113,220399,0x8d9c5af86ce139202bb6ac3cca9411152004608a47f549a3b6534e8b4b066413
114,203973,0x8989638267083e8c031af8bc62289c973650ccfa2e2bf3783a3f5b5bc1eb7cea
115,238200,0x44d3ef5b57f1d83e58242989811245ac37e03ad047fcb48e6e1889636ed797c5
116,209995,0xe88ebc4125442ccd6e0807de582e1401f4c0807078f8c30646ccc5e365204254
117,191607,0x0a9466c90b364f09c46b81f19616653baf2dd9906cb2b58329fd4bf7de52ae50
118,209995,0xdf03309102caa2995c390b57c12e6bf9f2c34a94eab80638ab17042069e08ad4
119,191607,0x759ce06528784d64e30d10eba5fe37392f3d1b69487d515fee94a4d7f7291b9e
120,190991,0x414ecd38027859b28667c26e2b0266d7931b52da544d4ce8992c004e5b6f9901
121,209995,0x038a1eac1da40d115f0d6cd12a24a599586615e6def9a439d060c0b6f37a2ad8
122,248760,0x91ec61e8b41c6bf02b5ab3e8a03e9f520f49883ed1844b9273e4f91de1ff57b0
123,220411,0x91ec61e8b41c6bf02b5ab3e8a03e9f520f49883ed1844b9273e4f91de1ff57b0
124,248760,0x9447a4369be58567508c7b8edc8d769efce09374706415bde84031e3d2484aea
125,195293,0x6d29e357768b4ce62fde808bd0e538b0443a0377ddd8dd4e5b104fa97454eb18
126,209995,0x439f270355f5570f73eab9f2c1d09d579e9258da8a4f03da127c050961b040dd
127,248760,0x6f7d4cf04198211c73d2d8594cfc93cc8409e2feb6f56d1cd486f5bbaec0ac76
128,209995,0xb0aebb6ae37ef48a567fa0d76335e9bf8f66ca9f5ff5c0ec6085d2275b0b2ad4
129,238200,0x1121ca0d3d1c51bde1ff06eafd4bc250e9a72ec78e0268e180fde093eaeb70e8
130,220411,0xa49c6ef630bd32b93d92080141e1864d1a0fc37ed1f14edeece2330a363a65d9
131,209995,0x0d2bf004d7f226c1c3cb3986a2638100d508104ddb725d69a7664cbfa3ae0995
132,248760,0x53888e9733052db8564b0ed700d5c6ed3aa205084620832058247a49c9fd1b88
133,191376,0xb71dbb5bf5270bd22664e8a8218fcde1a5a6e9a00878d6e58cd08701a14adb3c
134,238200,0x3e300f3103e2219e0ac5b13bf44e9372d5686fcda7ca1e58e6a531662eb62004
135,191856,0x7120e417b982a97be9861ec835c8240e6c9ac08a1001355559d94483a37ed9e4
136,209995,0x139d352be21989b3384b72093f45c24fd4645601e7476f635846d36b7c4dbb33
137,248760,0x46230169d4fd675f4b7c21598a20d730daadb5fc894041542fc2bafdbd99de60
138,209995,0xee67ddd7a594ad3cd81468c466c8e52476048d8f9252821421b4b08d6ab73b51
139,248760,0xebe9a7c94adea676ddb78126a38eefb04fc7be29981c99c2ca33c0bfa9d4d57c
140,209995,0x98f70068d7d2b5852296e136d3b8a967e729ac231a194cd94a4ba63c7f6e1bc2
141,209995,0x3a6a9ed97cde70941f67762022b4e2866c094989895189e99da1a50eb06a07ce
142,248760,0x013864de1104ee3329c2acb1e595602c4cd4ec0a2458628c2359defd72ef5a4a
143,220411,0xa5030771a9666d35d34c043f020c3bc159011b53885c569ef35386a4865ee7fc
144,202585,0x4f07bfdb1297f840b4ef9315e0faf4e64e6bca877c9f5fa1f11f59f620452f5a
145,248760,0x4f07bfdb1297f840b4ef9315e0faf4e64e6bca877c9f5fa1f11f59f620452f5a
146,209995,0xe7fa94b77ea9ae2cf1a6202dc1a02e9c9811dc42b899eee6b345f817507f49f0
147,209995,0xefac4c486153ab5dfe58f0d9469aefbf0c0b8c31626a363c469857d28659a096
148,248760,0xc1f6b81b224a73b1745f87fdf635dba5dd738fe974403eba4b60bddfd9a2782e
149,209995,0xc45f5bef1262187443b23b954fa92ac18d2b1d732f7f4bfe574c869b187a4575
150,248748,0x9bbe5c870aa3b81353e08e12965061eb006f892a591a642a07a19671e7c34787
151,248748,0x1b082e434c34b660b2d2677c95282d58297b2bcb3bfe421ca552539e1513e1ba
152,209995,0xa1c791fe70c53e21afad44f5037e982c1ab98db05762a2bbf2b6d64e6301d99d
153,248748,0x46526326bdbf559df109820f88a6b0ac02b8e8c8974b23cb76049d14575d4458
154,209995,0x2bd084ee7ec479a44415ce9c329d1a83c72e3936416ec70d337525fdd50beb75
155,248748,0x580e31db67b548b8ee2b049fe0bb15deeefd01cdbf1030ceed62be3cfea0af4e
156,248748,0x5933f82529fa7e5404d97b0f298a861ed9fc51bb1effb0acd312e620d8b13b2d
157,238188,0xcffd28ba0dcf056d2dafa1123a22605a22977703f3113042f75f19d85dcfccaf
158,238200,0x295c0ef5ec50251fbec6c5d2432d05d3b0fc070cb0e3fca54c5cef084079ddbd
159,248748,0xa015c75b26950fa943d5e43df1dc568d4982515993aa45e61de3813a6f6362d4
160,199707,0xf06a3b323e9f428b6516344fb8757212d2bc235763a7f19bef6bbafedbb95daa
161,238200,0x61033ddab4630baaa6071c269fa01d92dbb18397ca5049f66788f5b89584f225
162,206491,0x7c05eb080e9983573544c8b9646d11c5915d72ab9c682e963cad5539cdaa4417
163,224329,0x8032a829aad74583b7fd0e7ff67e5bb48aeabe796a3f97de2a6bc60b0cf54e4e
164,227460,0xd9d5480bc0125fa391cc6ab69e01972f6ef1a5158df8b1cd65119bff571c4d08
165,209622,0x3a46f333f848d2ec1a1c7badfffc9d52fd4b10495dc125726be34d9b05595928
166,227460,0xe617bc885b63b536dfcd2fbda46bca5cc8ac0b861d81426159ce99c334b7462b
167,238200,0x18bc8346f7e2bd2b02eaa0680b0acc24467770af82ba979a085bf0a5e6f91d30
168,209851,0x5f8e127215b109a5798bbe07e9367f26205317eb4c939539fc382112327aa2f2
169,224329,0xa60dc0c774b8b34c0ff6f4d701bd7f6b375e2cb05f477e3d646588b89f9d6655
170,194778,0x6df62ea1eb18a64d8758344e3b7387aec9830183284bfa0fbfdf3411f46f111a
171,207472,0xa468a642b98bad74bda7143b7e52a7cd88c516587d17715b54a2fb8a162ba212
172,209995,0x527868533bba2546744965070b78bf2391d5e2211495b01fa6f83996dab93683
173,196965,0x80915d813aa73b788748da22cf5f5a07462e3be3e2aedf27e1a2668d224908e4
174,219558,0xa9f86c02546ea11b4bbb5331277341ce5d3370f5de2dfdb533776af10dd4c912
175,209995,0x2c62c542f0d0c3241c9391e5591a416f06396914cb88e9cf14bf86d0eb75798d
176,209995,0x058006ad35705b915d11d702c7482d4e8af41a08ff2c8e37c197ce656f0e56be
177,219558,0x95b63b9e5cd30d5e3946412225381863c988d2f1f607cafc81e02bd3c27d8829
178,227833,0x4edf3e21ef5b0a80804856f6c8a2827007afcd451072a8ec3084a9ce9a578268
179,248760,0x4edf3e21ef5b0a80804856f6c8a2827007afcd451072a8ec3084a9ce9a578268
180,209154,0xe5cc7a29dd216d59bf65949640a21ba9a198308f8ef25c279e7051c5adb1d746
181,212285,0xc86817678b9fcc3ef2e80da8759593752068b4d0edfadb172b88f97bf1627a31
182,206864,0x7922a36b90bf19f7230e9730d6cd3b501eb88585523faa0cf35cf9fbb692e703
183,248760,0x7cbdb04f6100d350df22b8caf74e85a9c9567dcca8caf3eccdc1ab55baa5c16b
184,199707,0xbe64595650a9034440fe24ad86e12abca7f5526cf4eee9b51c0479d86ae764ec
185,248760,0x74af8dc9d3149b09d8b043f4117d022e7806c37fa3c12dbe1ea3166976fde7c9
186,227460,0x74af8dc9d3149b09d8b043f4117d022e7806c37fa3c12dbe1ea3166976fde7c9
187,206720,0xb55ff26ce24c1b313ca8f733e53b4a75b1ff6c800eb91c73789203e7f1724f94
188,238200,0x3e8d4e5bc0909e7d41e53f76e501f023035790bcf1904abbd186e41da84e02a2
189,248748,0x2165fdbf56d4338ec345b0650b1a149ab882c063ed6df0667b6417770e25c512
190,193063,0x81281abe9cf1e004065e591ebdae60894edf606e77b6ea621baf842e4bca39ef
191,199707,0x8ce21369bf509a513da67f6406f2f0dd3df23e3d24f27f11e69fc1f31b22038a
192,248760,0xa9a00108b3d701a492333c3190d122bae22c8d85ca85db302a9fa642d2f67fd2
193,248760,0xce77f78ece81091c7130158447d5201cb730eefb92f7dbf07604b52e9936e286
194,199707,0x8921051be1509d6da2aaea37bb08c9136952dc5b0dd459a770ea7e83dafd88e0
195,238200,0xd2967f52ef920dc018b4515430e1eeb0d6f349de2588e94a4813a5b9530b505a
196,248760,0x075d47d5d6de8a08120c5b8c7560066a8c429baad1c2b76579acaf451032cf64
197,238200,0xac9f82c7360224840a0731eba9c3bd49f778e73b8433cbe30b3ab0119e5f612e
198,193063,0x1b16ba10f44851e3eae5a730aa60c0db9189203ab1bb24a29d9f4616f9a98f69
199,248760,0xb52e0f09c3a9ad650089a7501e5d6bc22d874f11361ee6ab846d0099522efd97
200,238200,0x88bd8bfa2ed1cdf27e3baf3e0945c7e8fb84015d0b9f4911d95adaefdb27ec38
201,201835,0xa87cdccea3834b9fe2060a29d04be622fc03f77f88d486306737732d15d240fe
202,190948,0x837a22d7c35321bdd4e2c1ce175b4e35c13c4edef2a17d9219d0630100d1b4d6
203,211868,0x1eba2c61538865f652208bd2d01aae4530394ffd86603d82a2a34c4f60415a5e
204,248760,0xadcf9e9340ea9872fcaa6a58d8516652ccac3c3e31a35a4a88c3de18ab3f5ef3
205,248760,0xb9613cc9391aec88ba687e4e27513367d87fa7598f34ea0125bdde46b4fcd81b
206,193075,0xb824ecc44af059de1d10dad50ffc10c37301f96419d78ce0876db28ce3e6fcb8
207,248748,0xa069df6486bd5248b29a36c7146deaa033f7f00c5006d6e9db90ed5c57a9b8dc
208,266178,0xf39c858b7440a4bb53cdbe1350342b0e031e2de7c4e66242ca0db705a4bb5ae0
209,248748,0xee1908217270ab2ca0f5aa2dc73a26a483982ac5c025824fbf0aa97bfb49b29d
210,248748,0xee513d5d483815ddd802fc24268eea834030fe8de6272df0bb7cd8e8912d7cc9
211,248748,0x7cc4aa5932210a271ff3fe4cd9741722a2c4a13cb6fdd31451ac8b41acd77f75
212,238200,0x7def145c72226fb57496a1274157e29151f308c12055709f73a40d2a6efd8cc0
213,248748,0x8a7956228220fe34f72c9b9b7153e6db2d7df54a064f59229aa46c6c3fd5ff3f
214,238200,0xb67d7db44b0b76bc6b63f4cedf336c4e107e9bcbe566c9a928533982924c75c1
215,238200,0x39908e741fb1f7204f5fdd69e94995a6315b3a95ffd731ea868914cb955196c2
216,205932,0x986c0e192e685755786b72307c4d7cf93493bb8b779fbb50abb68226a4c6edad
217,216492,0xa7a5c9c6a93e0b76748f085dcb99f25c3da8617b4daef462d0b002fbda70d62d
218,208248,0xe50fcdaa199fc20bec683a27a59e9e1204870de9152aaa7d1e0f04200f23a184
219,224121,0x9b20a2c7e011c8bd092cbef428b2951e30feac9ef03613c9d2a9cf8c6c72fb46
220,224121,0xaccc0366f1d90229edd0b494b57d4659f6c70346f0474c973265a69152f79adf
221,206283,0x18f75917265388779eeea49abcaf3807a371c9203647882200a797343312b675
222,224121,0x34dc9711d59e1a1ff60b8032eea6eba3089b4142974d1db96eafeee3897c03cf
223,206283,0x8f1252a8477140f4222140933aac5d76ce49eb313991bec347fb5f7f0d3395c4
224,224121,0x960d22542f96b63ecdf2e582fff7b3d7d0adcbc1760b239adf6afad8bd9e0148
225,191045,0x4d7bf9eedbdb7d1d464864664f8c104f6f39c59d73ded56228089c7b84039956
226,224121,0xd61168cc46ab8ecd9c7e079956ad09158f23c0fd84186c66e967e951f18e2e0a
227,224121,0xfd2f60584a0f8459658c0f2406b0c430875ccb46ae72d3a424bcbc9ed39daceb
228,224121,0x09fd2d3c9df79e2f521cdb25c0965e4caa7496c32cabaeee51379a5f7d610fe5
229,224121,0xd52d2386df1cf6491fd97b84ca2958dddab8b425e21cf845bff14cabe8d27725
230,211892,0x5c13952fafb4cb78d6c56c12c9d895d607b9e24fb3e229bbd973d52af88ac3c1
231,224121,0x8bc35b66cd5d2e9a25426b615e27b4ce4104004bcfccd59c470e5502c48749b1
232,206283,0xa18268f0647dc0a7cac1e74d3884bcae7476baf20e60117ab88048768372a877
233,206283,0xaab48c26166d92efc6bf6a7529c4385d3a63ef6aeb4d998233d0b69baf7e6156
234,206271,0xaaf14c9c4046327fde8ed5c4855b376486bf9ab365d48c5301e62a29b84d5e71
235,224121,0x48b90b25613974f417b996406957db2bce2304c708904328ad9ad296b8857cee
236,224121,0x276d3fb023085677286c7293128f1b76c5efc69d91ad45959d11059c14936e91
237,224121,0xf25602900321ad0fa2aa02e778b75bee58c95a283f6b032539cff998d97e8a19
238,206512,0xf8c8652fe948b47ea07fcd253fcaa4f711b7b9272abf76978fd7749d0f49a4b1
239,191138,0xb4fcee67feff8546c40ef086bfb8d99046f70dc234c47f107162622c4e8a78af
240,206283,0xfdc94cb98441124bc6e2659f52c1631c596cb3aab0b703da94d7592a46837e89
241,224121,0xd6075ed858fc209b6749a02ebc84b514becfed54372f94f58eaec73c4d2020b1
242,206283,0x06de21ee1719fb551b0fbba169897bd689a361f66d9f31dedc0dc22968240b0f
243,206283,0xd7c6065c601e71ae61c8299a461d29b0d8e452f469c4cb3142ccdb6500806a48
244,206283,0xe26a76f7cb6d25b4e12ee599692fe66f55efdbaf2c76f1dc1e23ae876959511e
245,206283,0xcc1ba12ce54b8b984d012b9fac0393d467b3267f4fe6def154c8d526c2adc149
246,224121,0x9c9cd3d242d2f25649238373b8cb38596b4a47109c722b3fdda99a9ad3ba9c86
247,206283,0xfbec699d35a46e2bb6c5eb23ee1d2248b6c20a46e4b5e4c9a4a8f97f7f0f2a1d
248,206283,0xa2773dd57822140853c91b52d333322336b262274708ba48a0f40795c4d19a31
249,206283,0x7516b18abae264a17df2b0d582e952d22ae8505a681247041aefd7a0d8664774
250,206283,0x10bcc5f51abbb13206830b1f74d0fdf43c3d4d888277afb5e7e5c8fa77e00f98
251,206283,0x0c5b25f9692ca0bec1438b65a0bcf3b232dbad92f4eda677813e8727b750b68c
252,200080,0xf762f313c4fd628da7d75c7ae9e97898f94f97f3f1995b6ce0fd47e435c99f64
253,200080,0x43c6ee56fed4dec43dc31189a9ca2216aa8df1569f8ee2896e0f57f143cf8d27
254,224121,0xd2110e3a7427dca4e035bfcfb8d9cf546975b26568ae5c5416bffa475b9e42a4
255,202214,0x7c9c23cc8aceb7d4e41d5c366777770ae85de0536947f2bb7103e64b144403c7
256,224121,0x9956bd926d5b2cc22e33841da85a6d5d347dabcf3a2c8cdb64c920befeb18b85
257,224121,0x7d48a115d537acb8184e0b6379737221e7aae06c9d36cc9cf5af84a857cc419c
258,224875,0x701293c782c403096a207e596267fcb5b2fd1c84ebffbc2018c63707d9109381
259,196197,0x862ea1b431497cac29e6b5999261874c6b2876efb99a276a650ad6be95845937
260,224121,0x701293c782c403096a207e596267fcb5b2fd1c84ebffbc2018c63707d9109381
261,191949,0x2021a5f82bf83dfc23a688a1509a7c6d5dfd8b46901b48d410f5c10c3341eadc
262,191973,0x0ecdea7ecd01f14f00684bdd238883fd898356621ac1c2cc2c18fc950e97cbdb
263,192202,0x175ac632f9ff711dc489432d90a8e2da337a36efc1f0edd1655dddd5cbc4db00
264,191973,0x29eb67d142afaac9cf11be9a60515ec76f6a01839201b056ea23e6c67cc74bc0
265,191949,0x6bad6d713c8c4efee0e1b36c05908030fbbb99273be7504dbdd209d0ae0a3af3
266,191949,0x6e9c571414e915c99b495ae7a7baeaa3102d9eab0c1b258aa9efe8d6ecbbbe19
267,191949,0x8544d0d9b42930a7abd87d796785a3bfa7d55958659d6d7a0b76f1928ba93245
268,191973,0xa7ce6a53dd5680031ebc128e55064df319ffb357943d353a31fbaf4ebfb12d34
269,191949,0x613bfd77089c3faeab38d4ff063ab8a4b692186cf00a059fb4032995e502612f
270,224121,0xb90273d673f936942be96c0f415c9674e240ba060c330a4d1e806330ae992e31
271,191973,0x10577b4c63e51d883d8b49d94576e9e429c0ed1b18fd3ebdb144f57d997e6b81
272,191949,0xd84588f267c690c7a231e088547ec1ca8150836dd941dfb8e0bb24ca9e079573
273,191949,0xcf09763217e1f40ea78c6ad048cb2b1103c587b93258c1a4f39bb9db598d94d4
274,191973,0x8ecc09329e7bbdaf4a0fe3a03e86312d628743a4f3049fa9b22ed5c5378a9aa7
275,224121,0x2b6e96677bae99df70d1457b71cf43e6cfa64dd3d077a386eba850e2497887b4
276,191973,0x9d585db4fe148afa6ef9cb8e08c8fe2cf95c09fcae5ade3d61d9983ed11dd4f9
277,213921,0x63c4d98e3953e8e0d7759f5841d8302e0da76a82e6181bc9eec76883c7cb589e
278,213921,0x22e700cf14a724f6b37acfd1d54997deb02c2e87e043c9345a7289b975c30a5e
279,192202,0xde9c5128750d7a045d258091d868b3b135ab47863657e054da755ea5e866de9d
280,205781,0xe0c5c61a5ad7d16f75d87b20009aa1af8858a01b790673decc1d1337c2d3a487
281,205781,0x60f9ccb6ebc51f6ab27a651dd5e456838c79e01c05e5aed9777f0eb9dba01a4a
282,205781,0x955b511d8d826f651fb05f9d40612976ab4007431661fecead56cb3d0aff1905
283,224121,0x3eacf8b3740b9446e56d17b5e5ab75636f26588d5129903f0880786cbe91bdfa
284,205781,0x4dd1f2966b583db746b9991339fa547180aba242694938b9e66c510728e36405
285,191973,0x730b33e5a1e7b16eabbacfdc24c0fd6d09c589994078d9ba150edd8117c79ecf
286,191973,0xb1ed78d729aac8cd37821b40384b71ff7312bc8d62997f38150837bbbc81c490
287,200080,0x7c6e012a06c82e190ecc6d4ca0abc6fbdb7982dce980c9632eb2db42cca09d4b
288,192190,0x8598c0b4f55e7c09ff92ca3afdfa85d7be477ba9dcc1ce7152dd742c4acca1bc
289,191973,0xe71e599485359631235cb088db0d33322593b3b312d309ed9b714696258e2ff2
290,191973,0x6555c8ef64eed7fae031e2888fbdc7d73668e030f7de7a9451b24bd490fcff5e
291,192202,0xdfad62e1a96e178f2d15a793e05ea0446c1e87694c1d7597cd38dd1e5d17f224
292,191973,0x85136a72b62f29da3d0ea78a6f9eb91b593e9c9d125a628c0c30991323caaac2
293,205781,0xeab1f4443de76c65e8f88c7698b7d72f49bfeeeaa3c1078ea56ebfaf907ac7cf
294,191973,0x3e2e4e6c3eaa7301ec321f37d72c53967ebd1a5ef1b60bf72174d3dcf22ed4f9
295,191973,0x390f501d69a47d69fe190b1d89259a56a7551e3e278df240d1bf7aca16934c18
296,191949,0xa0bcd126013c7f1b4b909f4280a00c54d124cd6139530d55e6f2b277ae60dcbb
297,191973,0x1225ae1630a4d644d3e3a1e8bc05aa8697c789cccd594248669c32f29697e77a
298,191973,0x2a0901791e55c7001057b6a98f192f43af20671f5ec85004ff5627b15c897d7a
299,191949,0xc5b026a856eb25823c03387e8ef24cfff4704aad312ef7f9af6267d3a9ef7060
300,191973,0x5442333d34a8dd90bcd2243918ab5641140ee2eed5e7b202dc805e9e95d3cc44
301,191973,0x6b7813e4b3ce607484af5f662a73fed5c9ad285af7d4db90744e3197ca6a388f
302,191973,0x71fde095beb35bf74f3667a56c51087fdd2e5c6c846bee7854bf85bd757c10f5
303,200080,0xde9af1403c46df6104a90d5edfabed70a436f7ed4479de24a6ebe4990ad75d32
304,191973,0x4bb3921db6893ae0321d9a10385d75e474522480b3f9b05ab5a945b64fe4a4ba
305,191973,0x66c9c1097c3d5771c25d7182e112234b667f63c0899e642267eefc2ed2c9089e
306,224121,0x17c02ed56c1dd87481de3bb4a28aac105ab201de0338944ed9d30769b3a8aff5
307,192190,0x5fbf2e52ffc0415fa7aea44cd090c358e2df4f84c78f3587fe3652f0f927b1ea
308,224121,0x2455a31a0a5ca7d93020e0fc168d8a2d1345f480607fd01ddf173187946e1bf8
309,191973,0x183735f48fe9268dd83c1f7bba3cc197d2f6059ddd26870e2c68de81478ffe91
310,191973,0xe2eef7e5d97b572e0ef9dbbbefa4337887f9ff4e574ef512a5bc9091ebee58ec
311,191961,0x4a70c33755086c88b71b779e0c7f353161b27bdd72a120f04e14101f17977cbb
312,205876,0x614460ce86c4cf936da8b9211d6915d83ffb080b698085166c92d74bea13f22c
313,224121,0xcb51873144b023835e9baa8b61a418cf45e9f021c18a7564b63cca5cbe88f01b
314,205781,0xa247e3823201a5e8d9fc817d0c130f67c4576de47cf2d7b8f5678bd4b1b679a0
315,205781,0xe1ea93ab72b85a8d8f7ab660d7c9e1a2d14de1cf5f61d12e0001dbc7bfc5ebad
316,205781,0x149388f12e1de03c7c363b4f36aaee73f2546ce880fba9b29bf3a35a3ac6283c
317,205781,0x007d7c71b1bc55329dc99b1abb2bc7644b3aeb356c7b1432d4e3109a99435340
318,205781,0x5f4229b90c2d38fe66fac82a5bfde9414cfe3c7194e3d6df9a2cb53af85ae1a7
319,205781,0xf1a1cfcb8eaa774a54db4c95dbcd72cbc6c4abc55e3df9328b1114ad5f6582d5
320,224121,0xbebb9753f2110ff1d311a8dda08f54d1404c52dc38ae5a99188486f9363ebdb1
321,205408,0xf950dd5a2a6c53ff33baf236ffbd07f4121ede03af36c2d65bedf9794bc941bc
322,195948,0x3b3efd8628f0b9029565b53cc102367aac41369fd8888c3a7579767eeb03447a
323,194461,0xa4004430780800e3e462d5f919e516282cde186af29e8a18195d3846db2f0f63
324,205408,0xa8598bf40817a773b9ea07c15e4556ca02230bc926f57a6c66c5bc705d05852c
325,198567,0x185874b6674ce6c5f0fab3b0fb690278d63c3346220f17ec625d94b9e6d61b9d
326,224121,0x14b94a6838c4d030d62f9bccd853591fba5bcad3c8b12627f3f888bee0b9d1d5
327,224121,0x3b3157e9b65616d53c8a3b15307555dae39d011f7bc4a9207d5429ecafc51d18
328,201985,0x6217656d3e50b173c7227226529a73c7150d508f00998af7eb958ac4a58b3c7e
329,224121,0x7f066a6fe90c795a45e9d6af688e63c088ba62839d262b80e572767c28e383c8
330,191333,0x1cd270ee3caa0c809a21b49bce5da6b6e3aa384edb59d55c3fb586abd3b16187
331,196197,0xc3e392a14438c483f701422e5c25519edc9f7dba852935c82523bf7b44f1215d
332,205408,0x831a997008965cdd5c9bef4b66c33803e5817b1129a290ddabe00245d2233e1c
333,195948,0x139576b2e10d40e03ed7be1e6fcc87efcf88d03ddc4d5a6f0c36977c30c234db
334,194786,0xc265487e9d80664a1cb62eab07d4cbdfdab7dc035a460c5e61b8b98719bada38
335,195948,0x1b218a703af8b2b6f331d9acd1d4f9728acbedce45d58f5c00dc177e1d42304b
336,202370,0x2dc7fdb8193aa657e64a42b8977a9c24b18ea91991710306e076ad6b6dc04274
337,205408,0x6f78c9ccd55e8f4cf8a9903249c4d57754721cd1a4bdf860463dac58dd3e6ad0
338,195948,0x06b942d1edb809c937613dcdc201cc6eca0835a7139c32ab034118d1546bce40
339,205396,0xbfc836302a44b3e8f5081684342935e2d96553c33e79ea7170ebb4042cb7baa6
340,205408,0x09ddc59a6be7b6ef4d6778737491441548608e5fd1f32ffe841b0fc8a06a236a
341,205408,0x22a263578f1a8d3a7413c8b1189f87dc2ec94b7f984b6f8684a216eee0c66cbe
342,205408,0x8241d24c10b732a077e5188c86c24a7e18513495c5a58ee3b322a5838494c4b5
343,219305,0x9527efb3f72291a32ad14ffa319c1338120e28591d1b11edf9e485da2e5e7829
344,204275,0x0cdddc6f77a949c0c3d8376e07028627de816eaaa4b8678c3e4e7b14bec6abd2
345,202370,0x3d6b57f477ad0e78aeec67adf4f8feb4d368a35a22d6bf8160931c19e7ec1bdb
346,205408,0x12b14ff67900412c831c89158d7fb7ab1d15233b4d52d86115794d6f3f8e650d
347,195948,0xf98ead7b6901a776b16089203964654934bded219a58219e561f1994d0ba1386
348,266407,0x9a4e9f93bcb02b206df44b48d5b54c988f4bf270d0ebb88ff6c4432379f16f94
349,207754,0x69061133e63d5b2af1e64a057233d5b31df5819b666d1505f73213cad9c2a915
350,208213,0x6b4c8504d1f8a5c322cf1690d64a4bbfba2370adc891a301cae435dfa8a977ca
351,195948,0x8f5df2636ebbb59740b0fbc815983d3535b3d9bfe2d4e816910082a2d05e2a3f
352,208213,0x754844eaff95e15ac6d8678f3a46f52a521cc057bad1a572c91169a8942de015
353,220784,0xe60ee2ae992fe018f5af7bdcb055b1e6e5b57aaed193baf1d9a3072573bcc037
354,226051,0xe60ee2ae992fe018f5af7bdcb055b1e6e5b57aaed193baf1d9a3072573bcc037
355,208213,0xabd39b8159d4fb610b2c10509a0c5d9002622a0198df443b296a24f57a4fa577
356,206933,0xe4f22732254c40f82e92c0e6939c6326fff3a2b4788ef51d12b2de8bdb3f9f28
357,205408,0x7a24fccc227cce395a91579df6afb6dccbc945abab0b97a4497fa9d2a7576f6b
358,208213,0xfaac6cd873a242f03336e1d4cd94ec57c63ade8f83d7eed3aa0793ddf6c98c88
359,218629,0x4c174069f92bb1927b298c7925d8b4e5a17e65b785f432d85b70c59c8d9ee812
360,207055,0x839b0b362d410ad76cdae480b66ec64db58842cda6101de28fb4fea5a15f638e
361,208201,0x6dafc74dd90ec5c69f0c80c30dfb09b8c86f35f873dd58b09aced3f0407a2c93
362,208213,0x5396aaf6aa45d9d942e5fc79809cb7fa2412f48e0f1574dc525f4e8529b9e92e
363,208213,0x4ff959ee7ab4a5165b9ab32c54f2494915669a564a10ce79e0bf9c7d3cda6067
364,218629,0xc7c66aa5d3d2d562b1ea4d2a0036b61bb322dc4a62850a67bea1c8dc0941b0d1
365,208213,0x27b1107d3bf39022b5a2adb8dc00ee41d787ac6cf41f79d5197e3dfe7de89ed6
366,208442,0xe9e7b3e49e646d169dea70ddd267b9c6965c50baf0e2e3e71480aa2a6a93eb25
367,208442,0xb6d3821dc36092531759849b4b936b250826fca86ad99d86ddcbe6f4bbdb9deb
368,208442,0xad307dc99ba730a7f613b3ce688216a7eb3954fc1ba439ff35691e7c57099146
369,208430,0xff44d58e04799393bd7389b4407bfd05e7649774a5beabb88cd10a32e548e0d8
370,208213,0x9eb82924425ea73b29e48dce8cca92e0f574905097378b1b9bf86cd49f0fa668
371,208213,0xb62000dc02425917ca71458fd329c11a399ddc0ca33e49844ea87cf17630c398
372,208213,0xcc7046c43028d588129f0af0499a18e5614c4d05b9713dcd6cad8db903eb425c
373,208213,0x458ad385c7a08edece2fc4071a45ded000f3b2e6171f9b0fcaceae45a3de017b
374,211892,0x06aee1b0c54b6a3e2616e0ef53e6dba4e089fee4333911933db531265dca9dc1
375,219002,0xad41e9052a4eec54b7577f9aa74a8c8e2b02f340760c8f625b6b0e96665b662e
376,201835,0xfcf69179c3e4a1ad71d425fcee3fa93171b979b4ecdd6404e56f98284f423979
377,201835,0x74d789a526a6accaff697dd05b768dc5764d6f66aaae77471a696c52ae4277fd
378,219305,0x7863da8923d543d8e08dfeffcf17da70424983a796dfea17192e9187b27b2d0b
379,201835,0xc4af54fa237cf2d97808d9b40026e87507ff52bd8e90b9e2332a774c0085e382
380,201835,0x69b079e6e657866114b37f81344ea8334cb88fa97fb5a29821a3b637d8236aa1
381,208442,0x4ff6ab8476e6f33d4a21fe19b246e8b9445d7a848c4ccdaecac48418c4b9766c
382,208442,0x807c6008e211562da957d3671a2a0fd47768a2b8b036cbb4278c73ce914d68e1
383,208213,0x5b12d5b4532e9772e087c0a3f1b0deb5c423889a302ad383ca4d9fb9e5088e23
384,191816,0x38620c04814d8c3a657f63c9d523758af5ce03ccc67669b39e185d5f0697cb28
385,208213,0x8ad29bfe08579024187800993813cdcdb5d667593970f8ec76164b4006847c50
386,208442,0xc0c87ecbdc48caf028a60208d7e1b7cbbb92e346e792308c0ade4df029495eb0
387,208201,0x80ff062ac4bf82c5b24a9d86c9a370eeb25b055473a49b39020d004de414e52b
388,208442,0x5b298ff3a50a8760952b2f7f2d6b367629c7d82e47788906b3c365d57cac027c
389,208201,0xc667e8383a6ad6889e3ad161eb22039afd9007f3a5b1533a1b8dd423a7b7d4ab
390,208442,0x644a9f093d71ea5e8283c5008aa93b1c618a9a6baf71b611d298c62cf8026ce3
391,208442,0xaa3b9de7ce813b2fef3c6409ab54392a84fc2c8e1e08f8eafa41af69140018ef
392,205408,0xdfb9b900926ef65453c652da91c16d19a3fddde08f9591e1cd82352faf908742
393,219305,0xf131d62f1d8bf2ade87eb37debbf489e32d98f9d570ffe01df6b1ba28bef0df5
394,219193,0xe3ca769c33e0a45c57a85b0183dbd039ac816489dae0f3a947288d4d9f602c03
395,209987,0x5bb755ad78b3c157bfd2a47a2d6b87e25424f5a4fc499519e98a6cf9069cf919
396,193083,0x76c80517138fbe2dab0e5ebbb91ec8cbee46fa5937be212bc24114e373137d91
397,205408,0x20b8feb11ddbd6c96cf9fb136ab440c3426ff7d2171c13b7fc1a6319eac189f9
398,205384,0xb260bfe2a71a1b626e084caf9abf94de26fb260f0b1659df61183c3d34cadace
399,205408,0x0f30bcd41969fbc9f590cddc26a5fde184d139e48a7f227be5a9801a1e4aa5ea
400,205408,0xef07b5e8eeff95f968fcb60d87bce3a99445003e271585ed5aadb36212c79f66
401,205408,0x7af7a845de3e58c3ffc2b11941b623955fd4d5498422b9aab3ad6b462d844dd8
402,205408,0x8ad8d102c345fc336770638ca7095df4e1489892c88014455e9934da77439c32
403,205408,0xfbfa29163994896eb397945f3fbba4ef72adeddbff326d5f4ce2a94315ba36e8
404,205408,0x8ed9c2bf5effbcec1717858301aa782c5f096932e8af21ecd94e373c00cc6e46
405,201788,0xdf7b0694a3a38e2565b60231185dfc30e172969db6a0912a826d9446a20cbfd2
406,204275,0x2563221756f9f82e58746b297852bfb29403c03ec76fa504b89e97a9bbac7128
407,224406,0x5eebe6726a884b558cb7022f20350526de3a10455ced2042ca376586c9b2ea34
408,224406,0x93143a31a0dd1968d4ceec758aa466e6d3585668efd41d91f8bc1d7d1664a3e5
409,204275,0x93046e383a3004ef4cd55b67bd5a8b8fa6f4d69227d8b343cf3e1cf591d79598
410,208858,0x93046e383a3004ef4cd55b67bd5a8b8fa6f4d69227d8b343cf3e1cf591d79598
411,224406,0x5ca1af01b8c23228f8a71111b52260dc4d490104aedf089b315c5399a3cca8c8
412,192202,0x65ad865a23fd20c58cab68ffc4868017797453eab068ffb20d420be5850bc97b
413,206797,0x863c2ee61d7269209cbce10d14511bec14702a31cd56d7fe7a65064c1597815f
414,208858,0xf8c63692b9b9c22d66dd6e8deeb2225ab5bcf3348f9470cf25c0ccbb21df24a5
415,204275,0xf8c63692b9b9c22d66dd6e8deeb2225ab5bcf3348f9470cf25c0ccbb21df24a5
416,205408,0x427da5656de159b56b7a79aabe9b40c7ed78c03c1764d1089a1f29cd95e95818
417,205396,0xe02eecb98b282be2110b06b91d7b0bc0a46115098ec119587ec5d268d4e33605
418,201835,0x8ad7105f32c8b5ebcef83007c8503d4ff07d8ccb170a5e9b530c4a62b997a7a4
419,207369,0xbdd44c3c952e130342ecc7819ac714479d5044b65dd9027c6d8d8b83c036ca59
420,208248,0x0415a195c1d07e2fee792113a12965c55f93fb16118a01d3e2edfb873fcc6388
421,194413,0xe05953446e3bd586a0dc67e3e49bf9e36f86db1992a8e7ccc41658436f3bb0b8
422,194413,0xfaec5b1d8d92c5ee8a5f87fc88ff43c8e68c9d588dbf30df0cdd4a7deb316a99
423,205408,0x3d71ce21084ec521139cbf9d3226dd4a15447cbafe24acaa60aa86e0488f64d1
424,205408,0x1531bc86578c56be3c30eeb66c292e385b31cbc5303aa8595097d223ee7fdfe6
425,201835,0x1b95ea454ac595778df97f52423afeb42a6d4a8ef434747ca48e4f9353ba4320
426,205408,0x0662cbc0141549505e6959fb379e64f3b9e13d711193bc29425837562fd6cef4
427,205408,0xe368777885371e2ee7a6c5a4a163e6f4fd5447a1e1f95f80ed8c489e09309eff
428,206739,0x91bc9d144599f51a313ce4fd173b37fff84f03f44611295f82d7fa1aa116cc76
429,205781,0x86bddabb377fb825880e1189c0133480639b46766fd86aacc109a6da89f2702d
430,205408,0x4abaa359784a067374814f58486e841136eae6c05c773d6376795544c69aad18
431,205781,0x453a985c568c66029affc29795719c431bb3aa89acae594ffce6703b48dafbcc
432,207101,0x007641f9cbd20d60900143a4262ba751aed0d5b90fb798c7ab3bcef4d45d3cf9
433,206872,0xbe3351b30b0fdc27ec69c50b3516c21d714392b87bd837743738ed0ac6eaa803
434,205781,0x1d404335cd8f9fd81699382f21c992d0918498ed0590f62e29b6eb3ddc7f255d
435,208213,0x3d7a5b373da4a890e3a1294ae7fb0703d9734d3a2b4b567c92ec788336a25c3a
436,208201,0x6a35167e103629a15ac3139c8b0871562adcb735b0a30b80d3b42bc5a9c27f6f
437,205781,0xb63bbf17dfbfc09c994d8c6493790b89ff3f61790ec61dc6446bba3580a6517f
438,208442,0xa2d29032c7e25dfb2512f9ab32bc29245f2be0a36220d83e059db9f62cfe2fbe
439,208442,0x00010eb49ab19899e1f302d871881dfd3e43fbef04c606169ed9b65c0dd6eb15
440,194251,0x3e6275c66b4e57d3d414b1146a3f9573b7300bb967cf6eed73e84ed4fbdbb0f5
441,205781,0x07bebd17a3d673245e4bb8153b5349b189fbdbb87ad33e4a718ec4c0491fd66e
442,205781,0xe487c23e7ace4697109447519fda06065973d4ba7372cfbc39e39cb5af05eefd
443,208442,0x2c4c2da3045f60362b868e33de1ca696ada36a40a482b3d2a426e6ab8563c6e3
444,218629,0xd7616df05dedb6fee321249d53a888c8a012b6e1a766edcb3702b61d2510054b
445,208213,0x7af98045fc7c5b55f91c36fe3f2052c0d69c027d1bce2a2c563f142228649113
446,205781,0x71e7e570fd30d1765879247a43c66648f600ed1f15a22dcd08f50c9eb3a7a06f
447,208213,0xb18d6ab064aef8191af5435d55bf851f244dbdc3574e0ca4a3b3338a8a189700
448,205781,0x5f616f8833b080522539a9dbd2a30fb97b07b6bb84cba4c8002124a1300701b1
449,218629,0xd10117bb37eebd0880cda754dcf0aa8d1f876baa1c5e686bd6312a824e18a0ae
450,205781,0xf0e65f81d14377cfced633a9d3ad429f48b452a284b2ef9303a83944913c7498
451,218629,0x7f4fde6d19b45d9365f556a7b6576ee7c8c27f7836fe0eb3eae6cb984985799d
452,208213,0x90524f8e41f7592a88fda27b0e9a125c45b03cdf0af4b8f7b3e7937d171e0388
453,208213,0xa5af648140b615638d82a99812add945d0868460c0deacfff496c35983144058
454,218629,0x11e3d3052e3c62b5843e424f5d10ca83743c53df6e0fa296c1a03639b0832ce2
455,205781,0x176df50af49bb1187351ec7de620a32d8b6d537b023d8fc3d8d1b4b99fc595d7
456,206933,0x3bdccb86e81b46c50a055e9598b5d338edf6b17fe7e751a114bdf48df0e8209c
457,208213,0xa3a34b1be4de6767dd8539b0c834e18ca8ef459cf53450be20d983ba053531ed
458,208213,0xece86633714e2e717b0338e0d2c127a9ac8242663b649e6250b0225dae473afd
459,191672,0xc51360c79b1391ad5058d4c55cb55aa71d19489b5b49a164d7b54edeab9e09c7
460,218629,0x957b79823861884c89af70a80116e4120c19a111d0d33aa93a67e2897a7c1462
461,208213,0xd5f00b98a460e9c3255655d14599121df331bdad75e42a85484c027b93899ae9
462,292193,0xd5f00b98a460e9c3255655d14599121df331bdad75e42a85484c027b93899ae9
463,292193,0x957b79823861884c89af70a80116e4120c19a111d0d33aa93a67e2897a7c1462
464,217349,0x3f831186178f9506140461d9a5546cdd5b3241781aa9149eb341b154a88db19e
465,292193,0x3f831186178f9506140461d9a5546cdd5b3241781aa9149eb341b154a88db19e
466,218629,0x3f831186178f9506140461d9a5546cdd5b3241781aa9149eb341b154a88db19e
467,209659,0x742a0f98cd85f83a1695a067f0e721630547eeb5f33dceaeeef8f6810cd3f45f
468,208442,0xe03745478da97066aae8be3ac7f2baec0fcb6cd297e0f304f81de40339d75710
469,200607,0xf7abde1411ffbfa557a45cc885833c02258c15fa3992bf3693127ea3795a8f66
470,208442,0x366208ea119cfb9292afcd23134861aab97f0b3768f3274e6b499d2f66ee18fa
471,208213,0x7ee06238de1ec0299d1de442f48dc90dfcdab8b39bc2274ef93e3133e5470bf1
472,208442,0x56b3d9038cd8b7ea883fd5cc92880347fac8c1b47b753e1f761e6f6823574e73
473,208213,0x398ae5b8bacf992af33c1994ebac0f8c55af8557547aa6d58ec1c53a0c53a1da
474,208442,0xaa5511d7be5bd9d34d330b98650e6ea4b3ffdd87b0c63587bfa2dda9b36c3b00
475,214791,0x752762ecc24a1f12489475a9d3041c3ab202dab5c02128ff97aa34bba8c6206b
476,208213,0xcc755411b4f2d43fc833996d513ed6aa583fa6ee61b5884b6c637250bd60bcc4
477,292193,0xcc755411b4f2d43fc833996d513ed6aa583fa6ee61b5884b6c637250bd60bcc4
478,193083,0x543c19c4ab3fefe3f2785e45b6d3ffad8f345b6b155d031186fb76d7f37da1e3
479,208213,0xefdb1f34747e9153e69db1be54cff12c21b3d758c8499d1878eecf1e81904b19
480,208201,0x5666fd051e2859cc2e55b5d8157af16a4a26b5d565b9200b2b4f47aad8ce28e6
481,208213,0x1eac62d5d42745f36e8c1248c21cc80b3ce9541aa42705c772814d0d40cd4508
482,208442,0x3201b89790bd47db181b35e5baa79682c7bac0ccc5a88eb54b2fa87014e1ce5f
483,219002,0x6c288e4906a2c9d538af53c5b204589f4976dce4ba43c8a0ebe3a5a32ca7a69a
484,219002,0x47e566f13070f4d97abb9b533a697fc6c8da2acf93ee33bc9db110471dd5d199
485,219002,0xa4d625486d294557b2f21abc7afc2044b9d21065f4e4b60428c35c8c5af4e26c
486,208442,0x76dd8305d0595a318936682e9729001baf6a87607a014a0ffd6ed38bd020cce9
487,208213,0x0a3653e78c7ec984e0db50c677520685e953ff083cccd44ed9d7db1d3e8ec18a
488,191973,0x0a3653e78c7ec984e0db50c677520685e953ff083cccd44ed9d7db1d3e8ec18a
489,208213,0x8c538eece35775a55438719c41368b50056d69fc8eb7b154545408d78544d624
490,208213,0x3a349d03365f13deac5edea3e0e0c1b14f7833ca0ac1b47a40f2420696cb716e
491,208213,0xe102d512119764a0c570423b37dfc7e0661c8ff0cb907871c70bf025af6430dc
492,208442,0xd3fef573440631fb4922c52b87d4144d90a5a56b9570e0fa90f1589569012dd1
493,219002,0x0229c753b3e7d20264bdf7c90349fcb38acb2be2753e7a23a04b86b0eb7f253f
494,208213,0x8de73a6ba39cc11bb7eee04a5cdce0c8a21c21a6ca5913aa0a0ab96e7dd2c5fd
495,208213,0x0b626fff446b4b059902b69d891b1755e7d1d5d72d8e67aaffd55b7a192357c6
496,208442,0x6cfbcdcad62fb4c68b57fc3e14a1c8292a86958349a84e926bff18ebd1b8968a
497,208213,0xa42dc55308726e7a534ef9be5f765b4f8210319caebf3dbd1e7cfe4648343ac4
498,213921,0x524c9c48a7582352ffecdc42f7ef146426115630fb774fc91c83c9d80c08d5f4
499,208213,0xa1edeb321d8a3505d29547dd0b9fddae2dcaa77a8e1c342946cfd89ac65fc05d
500,206300,0x15bd21c61002a3e6daf27bd5a2b004ec3e00d9962b7043465e63dade4e7a11ae
501,220907,0xa57ba0933ad5a1cb32e1aca9a1f5a4de9d22624ea0efdd1ed96e7c75e3ad982d
502,208213,0x4b510f91ad116f96ffb9d2a132d11267b6f350fbd374f8f4122c5c3159016da8
503,220907,0x9d0eb49bf38cac510d1cce72fe92ee6aa56525796f1da177e6e77fdcfc59f20b
504,208201,0x4c9d59b5b830b04661ac1f6e3f151333d5cdeae9ccda78aed50a08d919d0d770
505,208213,0x0e7dd1b22f06cc2aad05f141ed914a42129c77bafb7109b14f59c33dd5a1c8f9
506,220907,0xad82081b3e44c5e529700eb5bf385f64e9f8bde8cab7f885bd67c1639f28114c
507,211169,0xdfad335be5619ff7c6f6b30788f929ce2538d38b727bc9828209110f255c9555
508,208201,0x7aec391d2b380b02eb693ea63f7103b2ed4e878a5d3f82b592de3bf8d9d11044
509,208442,0xa4d41e470ee86f7fffdbf2589c6d71ed73644fb55a8cd798eac6d49348293140
510,220907,0x312e98cf47f3925857dbe24b81745d0d9b5bc5b4174e4fb2d9c18d4ae270f7f2
511,220907,0x1b2204de780e99024de4be8dc95f79bdc24216c69b97a386b74bd43f8ec481be
512,220907,0x54a504e1f06c747678ccbf98cf604394208eefc1755002a9a04aa4b69bd54fff
513,208201,0x916311444c0874f9d021fefed857481cbbbe75876b0ae50f021e1a78ac0c3d01
514,208213,0x51f8cd17462d3c2d0bec2b6bba5d1e970f94190aee1ebf2554862ac5ec4f2ed5
515,208213,0xbc1ec86b5b488983724bbb70b42db249c78513039c0483accc2a622f9c5cf2e7
516,205781,0x13ce59e64917f149e7c0ba9db8b4be13c377979f0782711ebb178139f2562d8e
517,220907,0x4960b8dd2e654f6dafdc03c218333738f344751a445b5b6ee11a87ce4fa91b97
518,208442,0xd3b361f270c5f80c09deeaf63504526f9417894f9492c3bdb07be32aff6b2435
519,208442,0xf647c5fc1a470bc7e113531a92448c885bcff9ec10ac43f54075b01ac83cacb2
520,208213,0xc56d1c8d10f79e326f4f7a4ae95af8dcf70d7d8438651d3992248844ea41baca
521,220907,0xc78c5ef0274a6432cf70121216e825748b3ee042f6a342abcdadb144bff0a445
522,220907,0x937b4b8f43fcf801f7bb75f3b0e70dceba20e8c90a9cdbe086205e236cced673
523,220907,0xaa9eb8d205de0662d36f341a213d47e5d09868cf1c16789841aed240b7acf5bc
524,220907,0xc32e6b31b81416d8176c6e5c2143bfbf1cd8b5fcfe976ebadd3500ad1907149c
525,205801,0xf6f915d323f169e9af65ed0f92f5ea188f84d14be54c668899036aa4371edb87
526,207754,0x4da43eb6dfe953665de52abfce0a2d3f269c68e19e437f1f883de6d2fe31d7e4
527,206283,0x7f76a45e51d8c232df3a2a0f08b493b4fa1b5b7f82eca2235389164b892e3fe4
528,270464,0x9ca4be4b877ce7087d15eee80c4da4d96dd5b773d6c5335b604ba4e85309ead7
529,206864,0x03a28da6adefb0e340668c2bcefa4c47669a8e88ae36e4ea0d75744251264bde
530,206852,0x124d0ce56f9315004e1dbf83cd4a7a873271d9cf26b68740b354fb9bfe79d8c8
531,209839,0x09c7e512e4cb2d3881ace847285276314a5b442a20f3049b94b0a7447ed1903e
532,206852,0xd68a680fed9964af2dae1f489e498b5401b49b875ec40a96ed7a19e1ab292417
533,206864,0xabe42f8c3fecb75eca8e19b5557132e78a2d05e9f4376651ee0ae47afd9f5721
534,224690,0xdecfe6ac194edd51f1781b3d9cffe377fdf153f08bc9eb1d0a7a4b93f0865ac9
535,222689,0x104b5def0c92d607861812bce7b3e39882195fe7c0eba7184c1c9321648b4ed5
536,224690,0xc6ca450dde081cfa611b391f5e6ab1e59ef619a2557d96cbbaa16fb51a6b5d74
537,206864,0x9cd9ad57782502fe8ad968ebb5d0b0909ac126d416e84474f0b41e072c0524a2
538,210224,0x6afb57c019b3c35dc23a667bfc4b722a6e2b44f9dc9ddcd11c6cbe027307029c
539,193078,0xcebb078e53bfc79e4e951598b8814cce791ac48cc41c3187fee0e2900fa3565e
540,205781,0x2c427b95b848cdfd384f2ea580a10829d68d238c3ca201729320a17156b75a0c
541,219305,0x1b5ed651d1b05df1fb563a68cf9825ac2ccffe04e7fef4265730b24347180ef1
542,219076,0x5224eba14d9164ce48c4bda15fcbbdc745846c3f292704ccf3431ccc42f9c0e0
543,190987,0x61571a71d9633b42ee5c88e1619e7f03b62c10ff30a770ebe77ccc4765bc69a1
544,219305,0xbeaa834cfb59f98bb4efc3e0091c545970e2c1454a4e29ad9f146a677c5f97a5
545,222501,0xf2babc684025cf507a6c36f343f0c910e534d4d0a78cb40b3e3c5d4f8b078d21
546,212285,0xac969e7e5ac133b3db52be4bd8e9c5aaaa35e045bafd8d75a82eefe56c19b128
547,195007,0x789ba7c76a72d59d34ef403c9322d38ead5672cd21f935cbb9531d13258e3c70
548,210224,0x2db97a978a03cce1241cc21cf9443a70ac394b287a460de5130f25aeac056f2b
549,195007,0x78569420af76896014b1dbd07f956e74b7bb135d6dcbd400059bab795281e597
550,219305,0x0ecdc31a792fef356ea4994bae600c17ec6473fc6014e2eed840104232a58dcd
551,194778,0x45ef72653d93835eaa4f2a48534a1ec5daec4b440404d0254c50ad8006e93658
552,201376,0x45ef72653d93835eaa4f2a48534a1ec5daec4b440404d0254c50ad8006e93658
553,195007,0xbdfb1c1f3f49a1a3b16583e608613259121f4248425beb5f34592ef76f225ff0
554,194995,0x03ef879b7220dd2bd0a8cffd2a73d71f5f5883dd016d3f948d25925de74b2c18
555,194983,0x35fdd146ffbb992da7680c9ac93eafbd7c4072434454f20ff0d2cd24771afb6a
556,195007,0xa2c8dc3a61979de649fa9b547089c41bebdf82ea00f2a37f67f2079993afc5e3
557,194778,0xd14f7e237e417e1fd796427af44113f3c29376c188a9a1986ac513112afbdc6e
558,194778,0xac7c01b661bb3f553ff3fb3ed69738a570366fc94f8ff8399cb176280fcb7280
559,227645,0x036e50ee00b08448c9c009d2a8e15b81ec7f602f5cce516722410bc0a6417b18
560,216915,0xab70a6704990355ac8eb06effe5082b90bdf127f09643b5708a0fe57accaa9cd
561,219305,0xb6af405b0b5657f248f06f05de22ca81da9730316f1c91759839f6fa0c51a037
562,219293,0xa155acbccd5b94a412c0e755810d64093a6663094b91a90014656c0ae81599e3
563,227645,0xe98cd687e8ab04699d6d626fa1d53db4cff411749509369d73a9eb260a0e6faa
564,217036,0xed92204cad47d3b59a1541bc1a48995e30b26d3b4bd457476e81bb049961ee18
565,193197,0x287d71270440ac274fb9a9742db177af4c9253de026eeab21b01f00f506a5bdd
566,205781,0xcb5d77795a2319e34012532d30c99bf53eadf7e9b6431996a8e3ba2d7748d23b
567,205769,0x195b5f0bae569a4710bd5ea52c8da818a69322a66dc2d7c40f2dba05fba720de
568,205769,0xc230f8f04b3b50cc03688b95f36c4ec7aa1f109c074f46e7ea454189e5a94c52
569,205781,0x9905b40fa63b2f8a4f0bc97a82b548881c85ef63d2dec18f75c7e7967e1ead78
570,191509,0xdeff3da8297af4d6d4ca1b7078abb4601b4cdefdae27e50f98b1e747976089c2
571,205781,0x8bf09ddd97812a074478814c483b97e82abec762ca240e671742d98acca493ad
572,206855,0x8085bd1235ce02528d8267b43e98c85e4bdc89abf38aea354dd95abf36d8a679
573,219305,0x3ac27aa6624e337ddf7d03295e1876c1fb9e05e3bc6de9c229c1e69e08c4cd8b
574,205781,0x0c25f6a4ed3ec910fe1c811a53a7c00a2d7b570c1af0793d12876ed5aeeea482
575,205781,0x6c41be17ecab2e32c33b435c26cf5bd127fb506df72a30287c9020b3cad65fe4
576,193197,0x7c38c8ab258451f4180c7db2a1a4c927938e6cb010591fe13f9e7eaf9984e561
577,205781,0xfb97e1ff842d67c7f083e416386622bde3d152879c9bf45e32d8168c6b9ae32c
578,204080,0xaaa2db882d10d24a86ddf11e494378f384b9c58db5a46b6c8f0f28e35978f7e9
579,205781,0xd129be9a25566f701c2abc38616d4a31e1544edcc5900463457f8492eeb7a96e
580,219293,0x6b899b30475248218f21d23dd05966057dc83b599b2d09fe601a78ab7438bdaa
581,205769,0xf8b5646a31b7bcfda6599d78f0a926870c057483e1f786c955ad8ffa7c2dbca4
582,205781,0x025302b42737271c2cb95a9a2c730e0aa869e5d3825a5bd674c8b7a53e4e8742
583,219305,0x22c452901e2d3f176e9ef5cfb439a3a57ad76b9a93951dc7664eff4700eb4bb3
584,205781,0x1f06438f04d474c755370cfb54c85d197c740cd5df1ff3213cd8e64e10d51e87
585,205781,0xeab200885ea588cc353942d1f62970a30345d95a7d44260cda54b4d8752f7df3
586,205781,0xdee0106b386ee347c51637e93506863f76a252a5b26829cb71e5acb7d6d88241
587,266407,0x5a8309b998425449f7aebc10d521253e283703db4b3bfd4fa07c81782c282a10
588,197284,0x7d9d3f7b37eaf7898a84acc9d3d5769f08fb9aea73278a40a87ab388b758b29e
589,208960,0x347abd950ee90dc56b1274255892258960405db889826333c0dfcdad303025d2
590,191973,0x1989e9e85f469202fb694bcd4e1298f22b08f91d4396fab0cb47b401cc0bcd62
591,191949,0x76c429f17e76e615cd11a33eab418d4da3e66025ae252cbf5b8ffac28fd8ba99
592,191949,0xcb6ad420327776f0f11a476d2faaa55f445599d3cb1c681407785bfad752465c
593,227460,0xf59b622c14c6e7aeb6640abc9d21be55153a8d6172d309ef9be4db4e1538c84c
594,227460,0xefb9b7e3d906f35bf709464dfb0ae7f186c62750352307f5d60d1f429e1752a3
595,192202,0xbc45ea18cce86e023c4ee65ccf04dd4bdee95930572e5651c1a9976d701fffbe
596,211912,0x8bde253b11636d7cdae0aaefb0355ee3237267edf34b74b1f1fe244436507de1
597,209622,0x6f836516bc3bb814ef763c23d04bf41c724d5e67f7c4ecb2b83683b82e182ecb
598,192202,0x8b600e69b3d56e031a151baeae00f3464a3b45fa2634a5029d07187d5c5f71e8
599,192202,0xee6cb4937903931b4ed706125097c581458fc4115ad63449576e922a82b890f6
600,205781,0x007f9a14ad7ba6e6a7db662c2295d1405035eae6225d4abe6eee40680df38275
601,201985,0x89675034ffc5d1144585d105c9b2278755ebc9f5588b71a7ec0e9e3cb9f937e3
602,219305,0x514e79390f45b6b6ef6e5883e748eec98da322bb3b206a62a3be970fff982ceb
603,205781,0x2c08ed533b74bf14961aa1f7eecb2f45d1fda0bff20f8ead42fb583e9ef83cb9
604,219305,0x6a8f089371c050105c4c3bb5e4244d8f3ee0ea61aa7bd8552193b455d7213bde
605,192202,0x7e913bfdaf381bf66d4bd8bd5b2780035de19a57da90c843f53c8b72bd4d891f
606,205781,0x5f38ea3e9b2477df8a0cc217875e20946af2a3f59c1b80f25abc22a93713e375
607,201973,0xa5878f571386c0bf7f0b3d5dfe344790a65f8a67b73aaeb94736d883f1ec1c0d
608,192202,0xef20cbe420dec20ad8df4b4574c45cb6ec11411f291768f76128b89a48512c0f
609,191973,0x63425ff3aefe7024caa2e94f4873c8e399de6dbde35e415cc21f8e9f2bb0719b
610,205781,0x606ce46367e4b6ac71151d131b9fe1b5de7fe780f309de76c62817ecc9f17ccc
611,205781,0x6c01ce868f460e617c4178fdfc73f6b4289e40e360970cb65aa134c43c3ff944
612,205781,0xd6a0427dcd77e589243e3dd1e298ab80d4071dc754a30e9613542b7c87e9763d
613,205781,0x56892a4d4a572644888d28ce5adc36e93bcbdf7965f19d3b72995eaa87240e6f
614,205781,0x5b5bba599fcd9385d387c2888ef0912f11ad416897e627d1b45960563718e8ee
615,216383,0xdbf2fcfeab6a0ad169cc9e37df3de0cb4d39db7b22e3ec32376f518703243dcf
616,205781,0x5127622213d24ff26e82b8800897e8cde158af5661536caad2e251ccb0e3faca
617,213916,0x8313bef8d4e01e5f5f97caa4fd9c32ef755e7f8d67df750921f7c2b5112d50a9
618,205781,0x8e3271c4e78188174515af865b3ce5a9006946a61dd22dc5e097592302c1663e
619,205781,0x39c87cfdccf5b7bde8213c72d820c7b29d8a56ad5efaf8718baacc3be07f7789
620,196691,0x10dea3986cafd2ee305a7335b40b6b7d2e4318fa7fb6bd44734674faeb832eb8
621,196691,0x20cc607a9e72b7c02ac6bbaed1e48a4708ec9e6012592bed8c5040dc1f4310e2
622,196691,0x895dc225ef799f800d82809a8222bebe5cf7302f587fec25f82fa21be7156531
623,210642,0x729108d3e5a781297b30980650854378c550c373654bf56498640a622fe52362
624,202940,0x2f5ce0764961e1a98aa9946a71863859065670e43f274f2775cc53687f6abcc0
625,201899,0x2f5ce0764961e1a98aa9946a71863859065670e43f274f2775cc53687f6abcc0
626,206494,0xa0f64c6aa94eb0176ec0e814b74e43a5ae705bd8170976129ade4ba06ef8d57f
627,205781,0x67827cb5ff4f378fcc7538b3c190d281186774b0ce4d7d2a7c410002e1224742
628,205781,0x5300d3340a0fe1c8ce4b64f9eca851c0d8612ea25ed31ae09a7911ba226b3331
629,214803,0xf0505fc23187bf4a5685b5d71905e6d7c10588e8d7752e7570ca85106add91bd
630,199476,0x957a328eea185b5bcda97ef654b130043c996c934ab803ff33ddac6a78223753
631,205781,0xfffbea10fbb1c2afae9a86d1ba146a20ae09a19a1e81f8126f16384e40a2fd5b
632,213916,0x7292a6e4c6d95917dd3d5b50d856002177bbc71d1913af63cea34db42fd23f6b
633,201823,0x1642f20d892f54bc07210d7e4bc38f1e95b393975e4fc2d893e0cc0743da16f0
634,205781,0xbef9d70386634c979de5269ef50eb648779be44a2a478d99c49c20e08d03dc48
635,209987,0x740d2d148a4e72f5631a6484a9a7d2adf8669b9002ffe33db9330c99fabb1770
636,217024,0x3ecf6d20078d5ea0a7aed64b7f3c75b0c6fcb8865b331b2ace17dafb200bc3b2
637,206872,0xc00c866b7130232b5f6ea73bb8b7c6ac9c86dbd8cf2d9a28cab75e0c3b5e6a1e
638,202952,0x5888e67f4c0c41e380620a99df2237358095b7552117b935cdf8737de90c758c
639,201899,0x5888e67f4c0c41e380620a99df2237358095b7552117b935cdf8737de90c758c
640,205781,0x108edcd86c90ae583206186e5ffa4bbc4717ceee03709b6e50cb0126a051d4b8
641,205781,0x6b3376514ddb91add8e64fed49ac8a1ccd09fe2c532b8a092ddb52c390a3ba15
642,217024,0x0b6fc8dad31727c85d2fd304b6a9691c0471673d3bad0ae923adf3c3e7cdac01
643,194413,0x31896372e479dd584cb0e51b868fb36e045b63834a0cb6f4f6fc54bbb37f5d7b
644,207886,0xb4ec844f0b46ea73281a4ba5d2fda5c578321101e3a03f79a80b3ef9c0a43056
645,205769,0x06b6189644556d469b618c03a85ebbac4bc12633a8523b2488d68ac162be27bc
646,205857,0xf589f0e4e72563ef76d89b6d06dd7f51f484b7bdf7c2769e36f3dfb2dec74a98
647,216244,0x1dec5bcf344b1a7bdeab94c2165ac8ae66a05e4ef28315d6d45343bc853de1df
648,216256,0x9904aff51fa7691ee9f67bc6a2300fcd432f0c061965d88dc626c5d63f68934c
649,217408,0x319c7e5d1819b8df8b5111a4983377e9581caa7b8e9b6716f284fa30061df917
650,193197,0x41d927d2cce04990af42f3a551df9a275ad2b716b48c004e8503bb303a167e63
651,203827,0x1ba07361c3cdd7dd7ef95de7dcdb900a520629c314c67360221a43b2f26507bb
652,205781,0x3ab9f189f58054bef7790671281168bff92eb6b6b128770387a38ca86427c3c2
653,209271,0xc29222b9db4fb61b056a95f0bc794ba85969ae049eba47e3fac92392e7dd0726
654,199464,0x700a8b4994a36f25203120c6b597107c5393ff103a9fef2ddae02f65b5561120
655,205781,0x7f0f6cdebf871e073cafcca7300672946b53a5e1f1c8bf4df426dc79d71bf454
656,205781,0xeab37512a0271bdd3bd5a8859b0f2c8f29c3d4d5b7ad78baa65a91dff48aa123
657,201381,0x69a380914fccc36727779924632b2d7f7a325494b3142e200f9dfb02624bf911
658,201985,0x8a390e5aa44115c0c2ff6576332b042b3f45394d4a662c9a822c02bd2ff8343c
659,193226,0x02ab9a900e95655aa40dbc0c721ea38de020b4da5c776d53d6081af1cd326372
660,205682,0x2de02f11c5fae79082e75650af91d9088274e4b8e103b0b5b00a5adbcf916d6d
661,190849,0xdbad2c7d343ce17b605d813d9bf0764f1ea4f15d439cffbcbd55e4a8501eb0f7
662,204068,0x44963f829191002405296775a54ff5911ed27dfdbb0b5e2bcb5eea5355acd858
663,201985,0x55bcd6c331da08d592eb6ba7dd33b4b7367f257394ab21912de92d438fdcd50d
664,205781,0x017657bb717b7843619373977261a11c459b62fc22e8d7e5816fa38f6d5e92ce
665,214251,0x6be096267c529894d5fb065df1ffcb9d62d3d631623f33ce3a3b2d020d936def
666,212953,0x5197aec645c6f37f31ccbcac63461acf03c26a821b3c0cb369f0df225ad16b65
667,223513,0x990421d02953688c0b45b20999a4ee58dee7853eafc4e8702d783259773b94e4
668,212712,0x8c62fb6c029eab3dd8ef6e45155dca0dafbd2cb1f5ed343304a327def698611a
669,221143,0x2002852218c585b71a93895a2a14c20737fdbfa42f0bcf1af61dc5c94454dfe8
670,218246,0x34b9766153cfa9cac13e291caddc9927400877b3461fde34d36e89f2468840b0
671,212953,0x2954f826e131efcf4a89b4d10a20f90e034c4318bfe892568db2c86e2e5aaaa2
672,325178,0xe87217420a573b36e95f3840d8b25bf5ef6cb491215b0a95d35c66d253c76e58
673,203578,0xe7f497f84c0bd136b794240bfdcb73f2a5537f53d139cba44320d96b7a74ed8b
674,205769,0x9a337264b9f162a499b9fd403e18554a096b40f04f728cd1a9e3cbdee15c15d6
675,205781,0xc1dbd0d9a147d828ecf45b50317d5aa77a4a573ef52733adbac86427fca33f01
676,205781,0xdf6f474d6d15c7f01b1ea8954c9845e6e6ba761b7c48c9f101f98852ca20d032
677,200080,0xfe5a49249aa813b1496a6b77bf13dff9da87fc2b0c389a29746ed4f372d40203
678,191376,0x0d0372e8b0b6821e0ea2e8e82b270aacc33f416d91e7a26225d5fbe370cd2881
679,205781,0x8eb010b605ebe18f7bce0d1a8be929e25c8806c4a0acf5a2a8303e292c802ec9
680,292675,0x711d0ce2244866e1f50f3ddd59b7a3ab80b2568c689d129fd4d42c9f2304dfbd
681,200080,0x885ce548b541275ffdf8c0597ef24ebf4cade4a7f95bbef8596947030e89e2b8
682,195401,0x44164f43030bacaa2c6e7b2e07e6d636c0465bcc33d89c1ea2eb7c0baf27c9db
683,200080,0x8666adc0e33a54ca2b6fdf76ff5ae01c122d595f437df04c4c56b01f96ca1ff5
684,212703,0xd5f5e6a07423f4004e80ad0fad36561792c050c131978554f6dab08b9a86123c
685,200068,0xf5bba79d376777ecdf8951ce51eee2c0884808b63b17866f8c9eb7ee0556f8a1
686,200080,0x135f5a0ab0988dd00f2621042953527c75c0748db0ac6b8b805bde7c5428b811
687,206494,0x3e3bc454762e39be1936fffb8644641602f8159d63c967077efd7ba9cbca1634
688,199601,0xc3831a5496bf6c4dca0d7528403a44542ea5e340f00a49c93fd5a198ce67f56f
689,218041,0x461400a2a95f4c87d00d3d81e6ec9b132cfb188b9b8a4a0f8ff5d688ed003b7e
690,213904,0xe140380f9b280e0507985cb06cadc23eab8371f834b423007f26aa89d052b15b
691,201973,0xd3210926f117bb210fbf7cb9bd6701c284ff0bcc522b7ab3141ae47a3e6ee841
692,216674,0x5676189d0e2f37bf36322cd535004386d8505e09250f7340999d02dadab18685
693,216674,0x11b074e6cd4d0d9cfa278c5552dd8d592acbc952cb404a191d8508eb58dc93f9
694,216674,0xcb9ff37bd36de1df86c96b955d8a31f8ff3e049b2afe79f5a57cfa0deb5729d9
695,216674,0xdb084010ebcd924a9d6a3415a83ce932cb6c0bac9a7e26fb88f696902ed857b6
696,217275,0xdb084010ebcd924a9d6a3415a83ce932cb6c0bac9a7e26fb88f696902ed857b6
697,203968,0x3f28e6c19c098d78cd1cc7a683c07515a8d4d6c39b04d58db527c3645278830f
698,203968,0x0af46e46780c56629a6ddde8b541f42f9f8d49b9787d8449fedfbd5d7b37d122
699,191951,0xdfcffb28c245d8958f4a025a959c1b6cfd23d72b6329e9cf5568047b02151465
700,203980,0x752e342736851c63622a8d4246fd303ed54100310fc81a775e93941a5ccc8021
701,213916,0xb5ad2f36a1cabdecce7c07a194b72536f5a009efa9a8ade33cd9d2db9d843166
702,216674,0x8dce9b36e19debaafdc4084ce9eb3a28e813f5fd0b53ba4d8f4aabe7bef88d41
703,217275,0x8dce9b36e19debaafdc4084ce9eb3a28e813f5fd0b53ba4d8f4aabe7bef88d41
704,203980,0xadb0833617ed1eed6cf613a2f035792c9c4f4cf054227f82731c05e96ee2d1bc
705,216674,0xbdef47fcf25ad1ec91f82dc6c80708fc1dd687dde4d61b89ac50abb7e83e7bd1
706,217275,0xbdef47fcf25ad1ec91f82dc6c80708fc1dd687dde4d61b89ac50abb7e83e7bd1
707,203980,0xed48eb102ac8b49723756b8aee367fab6e611f03dcbc64174060fd095777fdaf
708,203968,0x5b9ed00d0d105166c416767efad5c9f80d231c38371c84b479a40e4a5d3ff828
709,216674,0x9c1c7e5c55d68dd84e262c2ff91d889debea839177cc7b995879198c229b0d07
710,217275,0x9c1c7e5c55d68dd84e262c2ff91d889debea839177cc7b995879198c229b0d07
711,203980,0xd810a880e563b37ce359cc1363d560df55b0bf929820794b946062698e38178a
712,204209,0x1b1b2f6929da11415f21437203f1151215e562d258a98f13b66551dcdf0a8e4e
713,203980,0x58646bc4bb6feefb45ea83038b447668eddf541e6426d93b68352cea919cadb4
714,216674,0x5fe3999f7d1d90a93e7a92a9e65eb19b1b12fe5a1410f503f89da0e6a2dd87b0
715,203980,0x1f23d9e1b9f4ae9757efe844a8c8fe12de9266e48b50f4791436620e4435d379
716,217275,0x854a5b75a66586276a3926113e0e5603dbea032b89ca390af3e5d95fc48e0533
717,214396,0x854a5b75a66586276a3926113e0e5603dbea032b89ca390af3e5d95fc48e0533
718,204209,0xaf47c68e88b72c9d4aed1ab0b189d51ddea3de15b8821f6553395bc95aaa2f62
719,205769,0xaf47c68e88b72c9d4aed1ab0b189d51ddea3de15b8821f6553395bc95aaa2f62
720,204209,0xeac0215d851bd039b43d0f8b9b702adf89f9faf0dd037c58127489b3f8562447
721,203980,0xe4c5cd81c0086bc104ba9d31ddce3dff53fafc93f552a8152739a21f983665f7
722,206270,0xbe90967ffc7ad05f527a3a3c5ebedac61c42e66f05b89355018d36a970685145
723,201835,0xfc6635816c3959cfccc1bfe28e65d5d124e05f91108c5d8533da991f2e7c6f3c
724,216902,0xf986739c9f5a2b4aa2248b1b1da704988a85a876e8ff1347bae94217b6f70434
725,216674,0xf986739c9f5a2b4aa2248b1b1da704988a85a876e8ff1347bae94217b6f70434
726,216902,0x09127a8135d91e9a1cafffac509bc80e2a25ac4c0b5545777644fc6bec8a9380
727,216674,0x09127a8135d91e9a1cafffac509bc80e2a25ac4c0b5545777644fc6bec8a9380
728,203980,0x3bdb08e37f74fc55514202515e893da27a426868aafcf1272b795fe20e557e04
729,216902,0x5a3ae96c74cf8ad7f1ab5591d253a7820d921c43aed47a78d1191512573b3c3a
730,203980,0xfd38f0e7d2445422319459c9c988903bea573f07ab66dbfe51891914c3f6a082
731,203980,0xa1542b9e980b02eb3a8342c139b693b8f13a8a2ff9ebd6c94be70406b85a5d44
732,205781,0x5118d2d691dffedd85f42835f137a54ea3454bceaafd0043940d91b1ee040d4c
733,206270,0x265769912def3387061ccfa5aad344a25d83d830e47a393149781820aaf1c629
734,216674,0x24e63ca4c4ba8aad250c5f2d9a4f45289fd3db652bd3700b14decb514988c579
735,206486,0x24e63ca4c4ba8aad250c5f2d9a4f45289fd3db652bd3700b14decb514988c579
736,206270,0xb67602a0de517f3a7e35374c6ce2e180cf938d630a79037d6c932ee71cae6052
737,203980,0xab9e7a0a8841f19f0ac84d0cdd26fe549087a2546913adc6117c3f5fc96bba20
738,205781,0xa486f1664ba50cff022e48e13701657592a3c9a192b2e2e50c020ff48d221c9f
739,203980,0xc7895744dbc626c161de694297fbc572a8f2e268b0d4c8e1ce1e2d0964a6f45c
740,203968,0x2fea0c61d0c980a7fe1493a4b31be11db5a6df4d8f2470ff3597605aaa2f9316
741,203980,0x4eef7bb05a8986167e15a363f515e56941295c99620bf573d86d9b0aa67b79d5
742,203980,0x62c459ad5828b37b62277e72089b31011379b69ef65ecadf6b55498ca9b08bd3
743,216674,0x31be93ad6f0ff3f7b7c3d8615f7d83d483f0f7b5570de2bfb8c6a9e79e4c8e04
744,203980,0x841998039c83517e94e17743dde28f8516f2bc62b1251eed411ac2c3ee84d8d6
745,208772,0x51929b43985307bceaabfc8312a0d8c96b18654fab2d09a34d02936ebcf14b8d
746,204209,0xa137ef2247f4af76fbe853c36833971726820d355073196203c981eac0f8a80a
747,216674,0x5bfdba3471c9764b34b6c226ee736b20d79f4936234d64e97af3cf6c084b3cca
748,216674,0x68604130b7018e7065acb634fc5e0a7978e4932a4eda98ef02eec5624429d566
749,203980,0xec29b907d6d35a45e923d833d8fbc7827642bc33dda4285682ff476613aaaebe
750,201985,0x4d9a274c578af535b3afd69999a67d71edf37040219124321329deeddac6500e
751,201985,0x9f1b0188b5617920f21b8bde8e789f3f35cc87b206990445eb0a559327617135
752,236981,0xfee3cfd100bfb54443dfff8879129c7e3d532e843229c50fc2f55f313b2d1d83
753,211422,0xa159a92e37bff9f5b4c11fbb598852534bf9d1cc60352ed9bbd9ea7827af341b
754,191333,0x7873c50197be40ed4f7d6b4aefd947090a3a31b212671821e5908408a20a15d3
755,201879,0x1e44a1491ffa2d6dda252ddd98f1039d87424a79cff5b787d0dcdaffb880965f
756,199601,0xa7c26299231982f798165084b7dfe5847c3cc123793944fcf3dd7cbe83bda5b5
757,205781,0xead42d9c4152f5f18ab62a23459b522efe641fedf37a4128876569c64d178cd3
758,191333,0x0f60f03d2d4fbef183785707c77f10846a49008e0e9a47359e9eb11d02e5b0be
759,205781,0xd7ac7a9e2b17e482461baa052f174f6f4d608e5fe36cc26e33ecb4a1580f39fb
760,205781,0x919e3b5eca89dc89724ad468dc6ccc7c4d53ebd90678bc37fe809bb7b64bff45
761,209622,0x29d5d3fde35196f07ef037256d5ac7196885920191ef94e04145e0bd0a18ef0c
762,227452,0x7262d7c5b7f58b2af2975c13c1e9889b83dc9a9982b246518ff7d0f262168f0d
763,219305,0xf449f8e7f4943f62d993665472198e371a108c2411ca23a525f39f8bf649d1c6
764,201985,0x07a99c0db9290a7a1942f5d57b26b6db630728165d40c3d58695eda869a05b02
765,205781,0x152afd510475a452e9fa8883dbe21bd50f765d4e8bd8f340b89ea4a5ebc4a9ba
766,205781,0xb92727e376b3e0e24c347e5231d1b29d15dbda35988339825df58a73f4375ad0
767,214313,0x4f325f52a6faa1a640590ed6e0724fc5dea2c3382a21de5521fbb59dd3db42a5
768,214313,0x400b1dec84c76a816609fbe592949b0e29334b4822f9d52fe8dc8322e85bd49d
769,206896,0x9c13469ad86f19057244ffbcb59fee2a1c47f005329fa861bcaeac73c77f3c9f
770,224746,0x3241ec05562c69954d6368854c00221abf279844dd9a8d33e13307e48a68b3be
771,217288,0x3241ec05562c69954d6368854c00221abf279844dd9a8d33e13307e48a68b3be
772,205781,0x54302c0554a271cb4d246616b1173f3dea7f576c70de3435732c53fe4d830234
773,205781,0x23363e8cac5bff46de1711d78ce1d5d5ae218671beea7fcc6a51bd6ba46d91d2
774,204854,0xeab569aa56f2e0fe6ed6969cc2f30b9ffc04dbe697812284d384702df3563a13
775,205781,0x6786e349cf34ef0d7a9d158deccf7101e0659acb45ee6b394c854efc067649fe
776,190704,0x5a9bdca8a1bb1195cc69d5fcb95a7822dc5217f2d4c10357700163dfc8a25c28
777,205781,0xee827b63f65bbfe1cb393944856deab69c8fe977258bea89024b9991b49a7c12
778,204854,0x7a1a4f5bd22dd37cbeadb278b3030bc7ac69b35b7c216bc087142e8ebd7f39b3
779,205781,0x6e19bb6a20b34c3e228351547881c739411f64215eb2ad2abe93a09a82ec4145
780,205781,0xf59d019961357ddc9d0b4489b8c9c69698a958277240f3415d8437919db17b69
781,205781,0xacb3caaff7bbd4ce21a5e28fca94219fe1297b00f12e2a36016afba963bd01d6
782,205757,0xc2ef3fb86ffb4d9aa7fb69eb1b211f1980d96bb8cfe136818735a0e6e8ec6ab1
783,205781,0x20d27d08579534702d4ed316acb22ef16836979f291058dab0a69d8ae2c8c0e6
784,205781,0x05b4de5ddf1a9b7f7c51d92889fa2b08aa5b3c1498c2778df9c749b984f30f23
785,204854,0x1d96be89f532ea151c7bc6b6da95651b083476b9ef53d8e02b06b0f0d45e6ec5
786,200603,0x382d29e4517c9fdd0ab8c5fa2c6d0963a19b46456edbc3bb8aa3c215f77ff00e
787,193209,0x24bb2665e5e3f1db245806b9bed75618d9620631102d5529677e04c4b7d43453
788,206867,0x8aba4cef6f2329ff1720b12c0292159112f819100adf139e0d04bac5fee17bc3
789,221143,0x8e676967890dedc06181b32ac7902df8eeb19522bca88d35a5738940a1d2e132
790,208772,0x0c19114550db2f2010880d1742355518ae97dbb24cc9da4bde76f3a71ad0a58a
791,210418,0x835ca4444b83348cdaa7b6d06bb700f7b2e00a4c3fab8bbd62fa04cb7bf8dd16
792,349814,0x39afb86ec6ed2a39bf2e8acacd21c121a44e3305ee69efa92144ed818d99892c
793,219076,0x56418e0e184b2eb9415c73911f724117ce59264d25c551e7cb11f791fa5a26df
794,206494,0xfb5be95fe8538ac34856605bb8394e1bf84b325d412ae0d3de8f234059b044fc
795,209061,0x663190f44774a880f71121194767c2d55281d2d4f2c1beed96665f4bfc7b799b
796,202545,0x0e88d2142a9982d1089c0cd2c42e9ec4f0d6777711645c8e814f6396f6348ddd
797,292989,0x1417d591c5590cc351ea1035d3c8e0ff74e3e5e52c462fdc59c0c852ff64b83c
798,208772,0xa924e76e91fea9c899458e50ba3f5cf90dd4acf7b520a054bfc58491c3e871a7
799,292760,0xf674bcbfa928cf446b00d78bec2902645c78a838285087f217832a281f68a10d
800,194405,0x1a0a2456b70d2bb5c752fa7383e756064276af559ea149c0d8caba4815f32a05
801,199601,0x754955b326e94740ceaf6008899af214d7c152128dc9ff650cc0fc4903d21c52
802,206867,0x0cc61cc97328dc94411585d802938639a4c0d069c5516f3859c8cd1130c97e94
803,209995,0xfddebaf2e09ecc3dc509ccc240170e612f876f23290ddb8ca5f783f7d053ce46
804,210224,0xd45c30f14275bacb6d18dcb0b6192f1e3a2cc6cc4bc0696a6eec88f0f8531131
805,227833,0xee3a9d2affa1abe7d1d2eb61e22785feb42f6cac119d18ed6f3ad51be18d24ee
806,209995,0x8ff89dfd6a0f1ba09845f6ff42bae51263a773d5f9c3301227d59f4d057de4a2
807,209995,0xa354a27f0e54548fada91656206565e05893947e606fda1a4ca8cca42b7a3d82
808,209995,0x905b4dcc31123337a840b2f7e9b486c6cfb52dad80b36143e1b2b9ad5e382970
809,210224,0x3b9a15bb943176ef2e24f11120e14534d03ebe84e26bd671b0ed7cd52b976538
810,209995,0x917b8ec17822f18cc1e3916fafe4b2a8b93dabbd2ce54cc9e8d6cd72204f6055
811,209995,0x6ef5017a5e721febdd582d713d28221e19f84ae505a5f968033be244b9686e40
812,210224,0xfb059db74d3c7ebddcdcf596470ddc49722e788d4318c306732f6d659f4522d3
813,209995,0xbccf7dfb23275414fb5d2f474c5378a3aa1baf04d857f246f3859baa0a143552
814,194413,0x096b7addd34bd43e38a839b45019013a4f40a59e3cf5d7b36b3730752de8a1a6
815,266407,0xa0cc08712f2af706b35f0c097d734a5debb6b84c5456f2982d56707e66276d72
816,206919,0x53c2f3a8209b0e2e890a3e4fb9d6878c102cf0b7854d45b9e3c432378d21c6a5
817,206690,0x393acb55dac63671de3e6302b4ace576a2d67f6cb7537d40f204e2184b087727
818,206690,0x79061a28a51cabd2674450eb6ba22c3e213f0f1882be1f03b31e8b6f35f8bf81
819,217106,0x88c84230766a5218ac3687deebb6092e2c0c28880f56c0daff45ed1e66b97eb1
820,194392,0x2c570843fc409abe4a48637ad149f4bb7516fdb24b84e7df5ff1532a42458e7e
821,194609,0x779854cda36663cc3f5d4c6a8f2ec62c3df9676014d4e7af1db6e246ff6d47e0
822,194609,0xead955381242f4500038ae956c265fa5d49d18e485a8c50f16a90b8d592035ad
823,194609,0x117efea5eff5f2ed9f1f1c818edc7cc00673891c1ea7e04f5fa8de957df7eb6a
824,195264,0x22f71455cac0ffa1f0e0dac2559709f0d06ee2d92217ed863859073b35fb2d28
825,195264,0x7c698fbf1232d6ac07d4cc9b5e2a73f212c6207d1e97b70ab910927a2f5d8d7b
826,194393,0xc0250ef605db0f651239a5bc4e10cf194e866f4a6c60326eb4545ccd3587b0a2
827,207486,0x8fcecfa6132e9c1ea2a20895bd7484819862ddf89736755f3934bbe17c79ce43
828,196252,0x72c351fb3a08c4972df3b9457f10bb471e98810d0bbf744630c3cde3285c66ad
829,211101,0x3f1db72030d2005ce58d16dfef3f393a425004a722ec764634a4ca2cde71f774
830,196173,0x857b83feae9dc6de5e7be45c264095e2a42a9cd0b05fb0af34fab844ab1fc849
831,219185,0x5af52f8b2e36b94b78341164c6532221fa3e62529049ae46793f3151cd294242
832,206864,0x5f24dd9a2c4c59189ce3a6dd02630390c3a832bf2e1cd7659fc0a30d886854f6
833,224305,0x76552a81a7363f31469e9566331cfa85deeea5a93f80b81d64cc3111febeb1f7
834,224305,0x83bde9123b4fd090edf753d03b7ae5a8000747995012e9dfc9b29b195d5c640d
835,224329,0xd7332e3532dfa6ee797e03925b8fe38fb35a3bb7d1e02facdc1048ddfe6c45bf
836,206491,0x3ebe6322562c1f449f973d336543fd4788d8943e1093f203359db6574fb47fb1
837,214338,0x9778dc453e0ad2758d82b9a0d235922081497b31d28097403d24a3f92b603b28
838,204181,0x59380aa5ebadd9e0ac0c16745226afae4ab19b63689e1be16c526aaafa3ace22
839,194247,0x27881eb60af96d86e78a3ec954da025e2468a16318d8c46473deff91bb3e9076
840,196625,0x2aae2aba276c1d40eb4ef2972c95edbb0db552cd4ae00b1a30f1dc03ac94bf8f
841,201381,0x34fce03e897004fead286f887ed07daff7c2f201933ffeab2acf47da96807e83
842,201835,0x84bb6686ed6e329031aac9891f7266cc4f5afc4e90c2b132a117a7d0fea0951a
843,210212,0x881be9b9241ee12251fc3fb8e6b9d3b620b1f6f534ec96f2b98be8115a8dd893
844,210212,0x45d432fe40356558e7b216574f23860f4422077c0ee63dff9dc32e32962bd118
845,202952,0x21fc56da0cff3aacd5f4c173c84924d13ba68c54657dc74126709dce8ce6b33f
846,202952,0xe64e8ab66bef5b869c669aa6eea4715d6257e816f945dd3d23d3a3f7701519a6
847,200638,0x32348a59815cf1915b58523c822c6b9ff76fbd4ff9dd6660b7036801392e3a43
848,280597,0xb787dbd2db1edfef0d4764692e3d0cf1c9b6e56facf99b64a5cd9abdfb3301b2
849,216433,0xde1597d74857331805127bba31347851368167fd97414b3bdf35bfbae2581de2
850,203739,0xa46186d2c81b5e5505fbdde6c6857b4adb1429cdca434293d65a7e9375a006a7
851,216433,0x51ec942d79315b46302458f334a09e5c7d51c96dd38a9bb3c33be9d3ce760065
852,203739,0x4e79e9c01bf069535ffa3b01373b3e70f00042473225e10261a1a82ecab4070b
853,202928,0x666946712804a828d2426a940eb41d244c0f949cae77a4d6f4edcbd256338cb9
854,202928,0xcb921b2b2610b9fe5bb45dc4ece086ed33e24a6b7eaafc276c087a4b4c33f086
855,193323,0xa8f1b24e8976e378d2bac5be77e9bfa9a97adf0b95f4f4bf1adc0177e4161ce4
856,203739,0xf5ba18d82fb945f8c3b34797e198d4246318e1098dd01f62314c308c41700c3e
857,203968,0xd338baab37367f55ca57401d810612d39b1b03e8bce2362de30c75600e196bfe
858,203739,0x0eb9ec66015fd2a040aa49a6e386b4a596be7ae48509832296d8657450b356d1
859,203727,0xeca75ad1f88031008017f728526c1cc7c6444750ca474526bb9211ff79b6b273
860,203739,0x6e1f3a3314e3792cb97abe2bad26bd1693b2b137721d757cc3b0997eb21eaa1e
861,216421,0x4773b56390f842d02b70acfeb4420c60793f37e08237b9e2f9421605001ff648
862,216421,0x36d539e2eb16b74d8945f03ffd6632fa35f883a29fd2ed95070d424c5399ad03
863,203739,0x310c49657cf9c812a4369252dd106ceff4ff3adcaf298e97e6f9fbf71b90856d
864,203739,0x8a0ac69e65a6c06da77a6334aef95f09820360a7132aa4fd6970e59cbaa2a0ba
865,203739,0x9944521968bf56c0109f13907c635bae7ab7fb453e0aaf8a006c85530bc93106
866,200662,0xa3d2d108b795f876ac2067d1d884e4e72ffc4ab32fd4c2d36136404b24b1d6e9
867,200650,0x536ac3e0c86612c9134bafe6bd162c030915befbcf1480ecabaa066b41e88a7a
868,200662,0x525bee74ecc941330c52601021f5bc57f8b8c982dd6926dcb480e8cb1908820f
869,202952,0x966b9369fac68864a004b2890bc37cebb28451e7bb599f90a2f1727aed9e2c16
870,190837,0xf8edd92e8663bf56f0704651787e23f6d1e2e3a9571d52aca92c2376f693ec85
871,190837,0xfff92aedc49425cf8e87953175cdaac58f8fa18594550562e5f93d6ec547fb05
872,263607,0xae65cc1a3eedf188bfb83f5583682727e6b7a176e3700743ff981efc24b6236c
873,204120,0x5f6cbc3eacf39b92ea8be7385cfa22af6ee8b0674f78d8dfa1e8ee4453997b8c
874,214084,0xad10be9dc22dfb4109c4c4cca86e8ee613682926a1bc567683807d3e3d769980
875,190837,0xc33d70dab24427edd104eace7c41d2364f36a18353b59be0ef05268e96fa6ba0
876,221143,0x33e1b7816abb1896a66d43bb0fd1f8a2d6493a171da10b639c9bde21cd161b63
877,214096,0x3d8bdc13ad992dc7f381155924fec8f9d685e55aa516c9d10a98213a0a238ccb
878,200662,0x3204c359c4b808e40e5a9e6d15184a771cf342f76da21c504c9fcdfcc0f4700a
879,200662,0x3c65c7984b24593a658f76d4ac31a9029ae1c855b2b05da784bea368c75d22a2
880,200662,0x53184624e2f0110073cf65cf039bbce9b76760d90b8435a508427ef1432e63a5
881,200662,0xa8e6888ea5fa1f2fd4267412524c8afd4c3ab1446710afa7ccc1026a9362fc04
882,196691,0x087e45d4e3a170563bb7428981cc3a2a0e6e7d813519f9ae12cd8cf72e9170ae
883,200662,0x3ff4b9f5502d2faf35d589c54d9cff394ba14354038adb4a3045604a20cb9e82
884,197117,0x75ad8f40b9fda5701522f9a51662aa12a621e5e446b5fb6b0c1f4eb656649bc2
885,221577,0xf35d3f27cd5072c77342006fdaecfd10cf79bdc5f19844302c925d28b604f2d9
886,221123,0xaae7b745e85e6ad53c453221be96767e7cbf234e036a3a617ddc15f3a7c006fc
887,221135,0xf34ff280dcde3eec6d8c8663af8d9756c7bfa3c12533e70a92d52047c3915cce
888,193945,0x72c5436f1606cd39a525dc6be0dbe19da33e180a38ccbe99be87f309b7dc4aa7
889,193945,0x72c5436f1606cd39a525dc6be0dbe19da33e180a38ccbe99be87f309b7dc4aa7
